Zip,Latitude,Longitude
622,17.991245,-67.153993
650,18.349416,-66.578079
670,18.240187,-66.988776
688,18.382311,-66.626416
714,18.003025,-66.046237
728,17.989853,-66.664116
745,18.352216,-65.817387
773,18.342888,-65.723109
794,18.200018,-66.309282
841,17.758634,-64.817451
915,18.437179,-66.045571
934,18.411313,-66.124234
960,18.416641,-66.144555
982,18.411261,-65.992045
1009,42.209669,-72.339743
1029,42.193395,-73.044647
1039,42.404287,-72.688924
1066,42.406909,-72.655015
1079,42.194327,-72.328888
1092,42.191868,-72.235108
1106,42.048054,-72.569275
1201,42.448236,-73.273727
1236,42.266496,-73.378393
1254,42.382019,-73.365492
1267,42.671617,-73.246981
1342,42.543889,-72.609458
1360,42.677091,-72.453876
1379,42.556308,-72.407153
1451,42.501908,-71.568201
1473,42.5546,-71.90544
1515,42.209682,-72.040178
1527,42.192246,-71.777649
1542,42.204251,-71.908907
1569,42.055921,-71.631128
1604,42.253485,-71.767932
1702,42.282379,-71.436623
1745,42.292114,-71.499197
1770,42.231947,-71.372963
1824,42.59079,-71.355182
1843,42.689988,-71.16039
1864,42.578401,-71.084448
1904,42.492456,-70.97393
1929,42.64042,-70.771172
1952,42.844794,-70.841499
2021,42.175737,-71.125385
2048,42.017302,-71.21642
2071,42.103425,-71.273589
2114,42.363174,-71.068646
2126,42.274227,-71.097423
2138,42.379637,-71.135152
2150,42.396824,-71.031348
2184,42.206188,-71.00232
2301,42.078371,-71.042304
2343,42.140346,-70.997861
2367,41.9591,-70.802753
2451,42.397825,-71.255701
2465,42.348912,-71.22633
2492,42.276483,-71.243714
2540,41.573891,-70.632042
2562,41.787209,-70.526717
2631,41.747513,-70.066223
2644,41.683488,-70.510786
2655,41.627984,-70.392013
2670,41.660103,-70.170681
2718,41.862486,-71.01169
2740,41.637485,-70.938265
2764,41.851929,-71.153598
2791,41.527824,-71.079618
2815,41.77463,-71.647954
2831,41.774762,-71.620289
2842,41.518673,-71.281685
2871,41.586609,-71.259211
2885,41.725138,-71.258805
2898,41.51764,-71.668521
2912,41.825593,-71.402239
3033,42.749263,-71.67567
3047,42.936319,-71.867127
3062,42.722323,-71.501176
3086,42.832231,-71.759615
3216,43.451175,-71.79794
3227,43.841192,-71.480852
3241,43.751841,-71.817784
3255,43.314026,-72.024551
3266,43.782873,-71.884739
3282,43.858721,-71.923718
3307,43.333988,-71.446658
3448,43.053924,-72.273623
3462,42.892609,-72.390167
3576,44.912445,-71.385112
3590,44.715053,-71.530115
3605,43.236564,-72.184869
3750,43.721023,-72.185207
3771,44.296605,-71.980684
3801,43.074812,-70.805443
3819,42.927892,-71.119888
3835,43.366924,-71.062503
3846,44.18762,-71.155763
3856,43.038509,-70.967954
3869,43.219815,-70.843107
3884,43.275384,-71.169956
3905,43.086194,-70.686846
4005,43.492102,-70.486566
4021,43.791796,-70.264762
4040,44.12685,-70.696419
4055,43.975769,-70.639298
4071,43.926746,-70.45076
4087,43.568795,-70.743997
4102,43.654353,-70.297611
4217,44.378536,-70.816256
4234,44.623827,-70.191895
4255,44.345792,-70.655701
4268,44.225867,-70.610021
4285,44.697513,-70.448975
4344,44.260548,-69.827805
4354,44.396114,-69.43063
4408,45.172014,-68.264657
4419,44.800454,-69.003117
4434,44.763866,-69.128068
4451,45.60701,-68.222173
4463,45.286832,-68.895109
4478,45.882059,-69.854601
4493,45.236824,-68.524576
4543,44.022351,-69.490756
4562,43.770829,-69.819164
4576,43.813339,-69.662868
4614,44.402775,-68.568701
4628,44.87399,-67.274401
4644,44.413835,-68.252076
4657,44.96493,-67.426383
4673,44.317252,-68.680481
4685,44.151687,-68.465212
4736,46.911495,-68.029189
4756,47.321708,-68.298213
4768,46.82565,-68.865654
4783,47.040124,-68.17505
4852,43.767426,-69.310059
4863,44.068815,-68.853314
4921,44.560894,-69.136548
4932,44.697571,-69.143703
4944,44.686891,-69.643928
4957,44.702067,-69.843372
4970,45.007913,-70.618162
4983,44.925633,-70.286451
5032,43.80158,-72.65776
5042,44.222165,-72.096756
5056,43.508851,-72.693755
5070,43.851617,-72.343298
5086,44.108949,-72.30073
5150,43.334435,-72.530792
5250,43.103837,-73.173296
5301,42.83868,-72.659997
5354,42.764133,-72.522086
5403,44.444866,-73.173468
5445,44.309955,-73.220978
5458,44.717847,-73.307486
5473,44.241936,-73.194663
5487,44.210284,-72.993453
5647,44.409482,-72.259129
5657,44.535509,-72.52672
5674,44.112526,-72.87403
5730,43.434532,-72.797518
5742,43.419653,-72.910801
5760,43.800615,-73.289701
5772,43.750797,-72.760914
5822,44.751643,-72.140274
5836,44.511565,-72.266145
5851,44.557132,-72.08059
5868,44.902125,-72.377929
5905,44.702095,-71.679481
6020,41.834617,-72.928722
6033,41.707463,-72.538932
6057,41.841053,-72.998664
6068,42.007238,-73.422228
6084,41.883019,-72.358869
6098,41.956189,-73.086364
6114,41.740854,-72.670695
6235,41.79089,-72.12954
6250,41.772955,-72.198446
6268,41.800444,-72.24803
6331,41.69396,-72.009118
6353,41.464427,-72.149606
6374,41.681913,-71.910936
6387,41.741171,-71.913021
6414,41.572231,-72.552319
6426,41.351136,-72.397164
6455,41.514163,-72.717844
6472,41.382766,-72.775194
6484,41.304577,-73.139215
6515,41.328039,-72.97084
6607,41.170744,-73.168038
6706,41.532212,-73.025096
6756,41.849537,-73.234002
6779,41.596057,-73.081442
6794,41.649454,-73.323557
6820,41.076202,-73.48008
6855,41.08424,-73.394991
6901,41.053591,-73.53817
7005,40.932771,-74.417304
7017,40.772111,-74.207065
7029,40.74362,-74.154901
7041,40.722448,-74.301546
7055,40.857552,-74.129089
7067,40.589329,-74.311415
7077,40.554147,-74.25306
7090,40.651644,-74.343447
7107,40.762918,-74.186559
7204,40.665309,-74.266571
7311,40.719081,-74.032615
7420,41.03227,-74.303164
7439,41.075676,-74.602012
7460,41.111743,-74.495128
7502,40.918573,-74.194089
7524,40.931711,-74.15687
7624,40.97289,-73.960315
7643,40.843431,-74.034239
7657,40.832677,-74.014088
7701,40.361667,-74.078076
7720,40.201604,-74.012056
7732,40.430451,-73.990424
7748,40.3963,-74.115274
7764,40.287904,-74.020019
7828,40.883935,-74.750312
7846,40.96594,-74.877068
7860,41.056862,-74.818595
7880,40.871452,-74.888891
7927,40.821862,-74.45429
7940,40.760175,-74.419181
7979,40.700644,-74.730118
8008,39.542599,-74.298174
8021,39.80727,-75.006883
8034,39.9061,-75.000375
8046,40.02795,-74.886984
8057,39.979658,-74.941308
8068,39.961394,-74.665922
8079,39.542408,-75.431684
8090,39.799072,-75.150698
8103,39.935834,-75.113921
8203,39.425627,-74.392933
8225,39.362668,-74.541483
8246,39.180965,-74.765806
8314,39.221854,-74.940368
8326,39.537676,-74.92827
8345,39.282427,-75.160409
8402,39.326385,-74.504473
8515,40.119177,-74.662894
8536,40.332267,-74.581026
8560,40.31573,-74.857279
8628,40.264418,-74.827047
8721,39.902019,-74.152669
8736,40.120018,-74.053257
8757,39.946191,-74.254862
8810,40.368285,-74.490999
8826,40.716574,-74.912125
8837,40.513105,-74.344075
8858,40.682681,-74.737038
8879,40.46641,-74.278625
8904,40.500795,-74.427911
10011,40.742043,-74.00062
10022,40.75863,-73.967949
10032,40.838792,-73.94283
10065,40.764628,-73.963144
10152,40.758404,-73.972031
10172,40.755273,-73.974315
10301,40.627505,-74.094377
10311,40.605231,-74.179534
10458,40.862529,-73.888159
10468,40.86894,-73.899995
10503,41.026556,-73.87531
10516,41.461973,-73.874913
10528,40.975047,-73.724926
10545,41.178591,-73.83545
10566,41.289483,-73.916847
10588,41.336623,-73.820007
10603,41.0544,-73.779287
10707,40.960538,-73.822731
10911,41.319158,-74.008159
10922,41.33276,-73.996452
10933,41.368021,-74.512999
10962,41.050066,-73.958585
10976,41.02296,-73.928488
10989,41.122955,-73.938031
11005,40.756643,-73.71424
11096,40.621346,-73.75699
11204,40.618777,-73.984831
11214,40.599148,-73.99609
11224,40.577372,-73.988706
11235,40.583949,-73.949096
11358,40.760473,-73.796373
11368,40.749737,-73.853045
11379,40.716753,-73.879598
11419,40.688638,-73.822942
11429,40.709781,-73.738733
11509,40.587963,-73.728528
11548,40.812868,-73.627405
11560,40.880757,-73.588724
11576,40.798032,-73.647275
11693,40.590916,-73.809715
11710,40.671972,-73.531972
11722,40.783056,-73.194911
11735,40.732747,-73.432789
11751,40.730486,-73.213924
11764,40.92986,-72.973063
11777,40.956068,-73.066659
11789,40.962028,-72.971008
11801,40.762304,-73.524452
11937,41.013013,-72.168912
11950,40.807616,-72.847518
11960,40.810615,-72.706062
11972,40.847825,-72.702889
12010,42.937632,-74.173325
12027,42.935415,-73.907815
12041,42.577943,-73.95266
12056,42.764785,-74.09515
12066,42.805926,-74.233025
12077,42.58817,-73.777693
12093,42.497791,-74.628105
12120,42.449724,-74.148844
12136,42.420121,-73.565107
12150,42.880523,-74.052689
12161,42.534769,-73.854863
12174,42.353449,-73.728436
12187,42.61884,-74.463554
12198,42.672768,-73.633574
12211,42.703095,-73.763706
12401,41.92272,-74.202811
12414,42.232019,-73.913867
12427,42.134238,-74.136736
12438,42.204899,-74.601006
12450,42.133247,-74.244279
12460,42.415615,-74.14759
12472,41.84709,-74.079545
12485,42.205023,-74.144201
12496,42.338036,-74.270087
12514,41.877409,-73.764423
12525,41.691564,-74.188272
12540,41.671202,-73.724891
12561,41.759307,-74.096058
12574,41.917688,-73.945658
12589,41.623791,-74.158771
12721,41.581723,-74.422422
12736,41.852843,-75.021754
12748,41.774642,-74.922609
12763,41.676348,-74.522774
12776,41.96339,-74.957793
12787,41.795394,-74.845029
12809,43.237078,-73.454506
12822,43.228592,-73.922202
12836,43.712347,-73.605597
12847,44.008384,-74.609231
12859,43.171875,-73.920872
12872,43.874656,-73.734418
12903,44.680187,-73.444738
12920,44.882767,-74.066008
12932,44.214405,-73.608948
12944,44.433107,-73.533246
12959,44.952351,-73.719912
12972,44.554081,-73.569296
12983,44.2886,-74.183878
13020,42.816424,-76.074504
13033,43.188494,-76.562626
13045,42.573849,-76.202145
13064,43.328996,-76.711915
13078,42.958398,-76.061101
13101,42.589192,-76.056073
13115,43.398646,-76.478779
13132,43.271918,-76.251052
13145,43.646742,-76.116311
13159,42.802964,-76.111618
13204,43.050817,-76.177473
13215,42.980793,-76.223386
13309,43.452005,-75.355443
13320,42.777805,-74.740798
13331,43.866299,-74.880901
13342,42.654143,-75.195234
13357,42.971061,-75.081209
13403,43.164533,-75.267645
13416,43.187371,-74.970659
13435,43.304981,-75.150772
13456,43.000029,-75.255495
13473,43.646449,-75.443434
13488,42.688638,-74.750589
13601,43.968892,-75.906501
13615,44.047515,-75.985435
13625,44.538101,-74.928377
13639,44.263676,-75.150529
13652,44.432661,-75.186773
13665,44.04846,-75.434366
13676,44.65496,-74.926222
13690,44.097456,-75.007653
13732,42.049447,-76.167535
13750,42.471013,-74.857905
13775,42.327909,-75.134022
13788,42.339007,-74.666257
13806,42.379101,-74.957234
13825,42.435577,-75.204553
13841,42.40722,-75.840829
13859,42.372691,-75.245161
13904,42.134123,-75.820206
14013,43.08629,-78.397746
14034,42.500569,-78.865375
14048,42.484359,-79.317005
14062,42.438404,-79.143107
14080,42.648324,-78.548308
14102,42.837026,-78.557725
14126,43.335884,-78.72858
14139,42.718405,-78.541402
14172,43.272672,-78.812943
14209,42.913959,-78.866025
14219,42.788675,-78.826431
14261,43.007767,-78.791572
14418,42.60443,-77.216428
14435,42.712552,-77.663312
14467,43.036374,-77.612048
14479,43.236262,-78.313775
14505,43.159419,-77.168961
14519,43.233972,-77.314631
14534,43.05689,-77.521042
14548,42.976072,-77.24387
14569,42.735221,-78.171092
14592,42.872237,-77.895893
14613,43.182171,-77.640175
14623,43.087349,-77.641862
14710,42.08777,-79.419847
14721,42.013905,-78.266442
14733,42.160122,-79.172199
14744,42.4281,-78.206654
14760,42.074438,-78.413393
14781,42.161632,-79.601428
14805,42.350109,-76.719369
14816,42.197734,-76.735603
14826,42.491462,-77.497792
14843,42.320079,-77.646339
14859,42.114838,-76.538139
14873,42.522912,-77.298359
14885,42.046486,-77.570328
14901,42.087649,-76.746938
15009,40.697912,-80.365277
15022,40.124908,-79.939333
15035,40.384822,-79.807401
15050,40.563665,-80.434517
15061,40.659903,-80.319709
15074,40.734035,-80.208354
15086,40.674947,-80.106181
15110,40.373461,-79.850162
15135,40.310836,-79.812893
15147,40.497431,-79.831096
15209,40.498846,-79.969725
15219,40.443184,-79.983064
15229,40.520353,-80.037053
15243,40.375539,-80.075567
15316,39.7242,-80.252411
15330,40.179368,-80.089973
15344,39.915747,-80.061424
15357,39.941608,-79.980409
15368,40.013872,-79.989284
15412,40.088805,-79.859395
15427,40.069948,-79.974811
15437,39.780202,-79.612138
15449,39.964329,-79.783355
15462,40.064295,-79.378703
15474,39.751392,-79.893487
15486,40.025886,-79.711164
15530,39.940809,-78.924027
15540,39.797439,-79.239272
15554,40.122918,-78.621785
15601,40.314981,-79.534803
15621,40.213857,-79.483456
15632,40.439145,-79.600116
15642,40.319284,-79.723697
15662,40.334318,-79.478335
15676,40.240835,-79.465714
15688,40.168606,-79.584793
15701,40.628381,-79.150041
15722,40.594913,-78.724479
15733,40.988862,-78.959295
15746,40.758509,-78.889294
15760,40.648324,-78.800199
15774,40.65469,-79.323835
15801,41.125057,-78.722433
15840,41.171972,-78.822649
15857,41.454785,-78.520664
15902,40.322818,-78.883594
15925,40.408519,-78.640702
15937,40.205334,-78.984724
15951,40.333187,-78.770688
15962,40.38818,-78.715039
16028,40.951294,-79.635593
16041,41.005338,-79.714928
16055,40.716859,-79.749717
16110,41.505249,-80.380762
16123,40.821932,-80.196513
16137,41.231594,-80.238645
16153,41.32224,-80.086586
16211,40.794443,-79.202555
16228,40.760813,-79.535765
16242,41.009881,-79.365745
16256,40.855267,-79.134458
16314,41.520675,-80.077069
16329,41.798641,-79.258873
16344,41.470393,-79.684546
16361,41.384113,-79.342388
16402,41.961017,-79.469796
16416,41.825729,-79.472696
16433,41.737079,-80.140914
16501,42.121318,-80.089169
16511,42.166254,-79.990161
16620,40.840687,-78.351837
16634,40.210954,-78.173077
16647,40.400594,-78.103809
16662,40.312725,-78.29545
16673,40.312437,-78.391483
16689,40.129985,-78.12899
16725,41.908177,-78.655324
16735,41.636099,-78.813409
16801,40.778889,-77.841377
16828,40.812101,-77.680555
16839,41.003854,-78.110537
16852,40.937031,-77.518663
16866,40.829699,-78.181491
16879,40.970953,-78.151495
16921,41.724126,-77.556256
16933,41.819424,-77.062502
16946,41.909035,-77.136379
17009,40.636112,-77.565287
17021,40.330526,-77.668192
17032,40.491831,-76.832555
17042,40.294952,-76.424805
17052,40.276899,-77.986339
17063,40.761026,-77.484947
17073,40.302838,-76.255161
17084,40.675647,-77.626511
17101,40.258655,-76.894377
17201,39.961056,-77.656165
17220,40.19137,-77.738111
17236,39.800187,-77.9474
17249,40.241379,-77.899459
17261,39.860907,-77.508165
17272,39.769529,-77.62183
17315,40.026604,-76.864065
17327,39.779513,-76.753256
17350,39.890088,-77.079399
17365,40.060329,-76.933996
17406,40.014709,-76.640873
17516,39.94146,-76.371359
17536,39.848034,-76.073774
17555,40.122377,-75.959392
17576,40.037195,-76.19676
17701,41.345044,-76.857248
17737,41.299271,-76.68578
17751,41.153528,-77.54479
17767,41.083874,-77.463161
17810,41.11136,-77.031372
17827,40.75286,-76.968032
17842,40.801316,-77.043454
17857,40.932136,-76.772972
17870,40.817323,-76.888636
17888,40.806775,-76.378479
17931,40.786491,-76.214575
17946,40.810364,-76.256372
17961,40.649699,-76.060949
17978,40.625448,-76.614963
18015,40.585869,-75.367239
18036,40.508879,-75.386005
18052,40.657428,-75.504255
18066,40.664462,-75.7401
18077,40.570065,-75.237115
18091,40.831388,-75.319795
18201,40.949054,-75.955512
18221,41.001778,-75.917333
18235,40.829641,-75.698371
18249,40.987794,-76.116117
18322,40.918523,-75.393279
18333,40.906085,-75.490084
18347,41.138882,-75.560229
18360,40.967295,-75.288001
18415,41.74353,-75.124268
18430,41.756453,-75.472457
18443,41.662927,-75.102094
18456,41.612796,-75.340433
18466,41.196442,-75.394233
18508,41.454947,-75.657937
18612,41.346088,-75.98638
18624,41.060706,-75.646561
18636,41.39141,-76.113651
18657,41.52251,-75.959485
18709,41.285469,-75.896388
18823,41.778326,-75.690124
18834,41.830967,-75.720934
18850,41.854257,-76.462384
18917,40.37692,-75.205948
18940,40.260594,-74.93707
18964,40.30347,-75.337889
19002,40.187217,-75.206876
19014,39.864907,-75.432958
19027,40.073118,-75.124431
19040,40.176879,-75.105595
19056,40.149339,-74.885815
19073,39.983259,-75.429241
19086,39.890636,-75.370038
19107,39.951737,-75.158653
19120,40.034147,-75.119198
19130,39.967935,-75.176073
19140,40.012177,-75.145495
19150,40.072496,-75.171824
19317,39.8608,-75.599381
19345,40.029473,-75.565288
19372,39.998397,-75.758457
19405,40.103552,-75.341022
19440,40.285832,-75.291121
19464,40.258928,-75.615861
19503,40.406752,-75.571779
19519,40.320723,-75.734815
19535,40.34,-75.804034
19547,40.380048,-75.768603
19565,40.342505,-76.08824
19610,40.341535,-75.974921
19713,39.670784,-75.712296
19736,39.802479,-75.675916
19810,39.81878,-75.5064
19939,38.571927,-75.242441
19952,38.921424,-75.628425
19966,38.579422,-75.277196
20002,38.905026,-76.983607
20012,38.976873,-77.032609
20037,38.898889,-77.055456
20111,38.748968,-77.427873
20130,39.039434,-77.943893
20148,38.996443,-77.520545
20171,38.92378,-77.396546
20194,38.981041,-77.340785
20307,38.974966,-77.030471
20520,38.894759,-77.048407
20602,38.583248,-76.894703
20616,38.661948,-77.098458
20626,38.230601,-76.771637
20645,38.294242,-76.911096
20667,38.215237,-76.447756
20686,38.178004,-76.429574
20706,38.96588,-76.851092
20721,38.915222,-76.785129
20742,38.989619,-76.945695
20758,38.733371,-76.593148
20776,38.872325,-76.572429
20812,38.967041,-77.143881
20839,39.188306,-77.434971
20861,39.148683,-76.999096
20879,39.167298,-77.164147
20904,39.066616,-76.980935
21013,39.51149,-76.4908
21035,38.9383,-76.626588
21048,39.488125,-76.915075
21071,39.481658,-76.810955
21090,39.20848,-76.672535
21120,39.646204,-76.674854
21146,39.079136,-76.558699
21162,39.390116,-76.405582
21210,39.359156,-76.632685
21220,39.34728,-76.39008
21230,39.266127,-76.623807
21252,39.39379,-76.607819
21522,39.610243,-79.227753
21540,39.478153,-79.062454
21601,38.794222,-76.081027
21624,38.844673,-76.269891
21636,39.025292,-75.802806
21649,39.132893,-75.770684
21660,38.95575,-75.890107
21671,38.695574,-76.335128
21703,39.367031,-77.473482
21719,39.707956,-77.494228
21746,39.565064,-77.711467
21769,39.442464,-77.568908
21781,39.571073,-77.759648
21795,39.580609,-77.823698
21817,37.981025,-75.836069
21840,38.248736,-75.900009
21863,38.187913,-75.399041
21890,38.157317,-75.704343
21916,39.641288,-75.861562
22026,38.560041,-77.296214
22043,38.900858,-77.19588
22134,38.521701,-77.385053
22191,38.622914,-77.262938
22209,38.895023,-77.075464
22307,38.771996,-77.057275
22406,38.399721,-77.54673
22443,38.169514,-76.986805
22488,38.049455,-76.587481
22534,38.077216,-77.672105
22556,38.468925,-77.515244
22603,39.269354,-78.21327
22639,38.813779,-78.019064
22654,38.988129,-78.572379
22712,38.564008,-77.757247
22724,38.614645,-77.893981
22735,38.476898,-78.174226
22801,38.403533,-78.874119
22827,38.410693,-78.59644
22844,38.661561,-78.658119
22903,38.006972,-78.59506
22937,37.797229,-78.619207
22952,37.963562,-78.962741
22972,38.215776,-78.230285
23011,37.477354,-76.81245
23035,37.489338,-76.390866
23059,37.702252,-77.573995
23070,37.552303,-76.389007
23089,37.455795,-76.903501
23111,37.613551,-77.243019
23124,37.55095,-77.044042
23146,37.723428,-77.710398
23169,37.603451,-76.457239
23192,37.820363,-77.680814
23228,37.626617,-77.492834
23250,37.504727,-77.320875
23313,37.19973,-75.945635
23336,37.954605,-75.334522
23395,37.976304,-75.46059
23415,37.969553,-75.534703
23430,37.001261,-76.655932
23442,37.904756,-75.575437
23461,36.775402,-75.96325
23505,36.91422,-76.289405
23551,36.924048,-76.288625
23661,37.009301,-76.386177
23693,37.123066,-76.447129
23803,37.209277,-77.497238
23832,37.38785,-77.592108
23843,36.84515,-77.822447
23866,36.923676,-76.862401
23882,36.926173,-77.421687
23894,37.122207,-77.820822
23921,37.586321,-78.623535
23942,37.134366,-78.289196
23962,36.99873,-78.666506
24012,37.310464,-79.903046
24054,36.667804,-79.706976
24070,37.356083,-80.22589
24085,37.679371,-79.821548
24101,37.173555,-79.796387
24128,37.339994,-80.482544
24141,37.096142,-80.568655
24165,36.584897,-80.051924
24201,36.610715,-82.17005
24225,36.991715,-82.141851
24246,36.866505,-82.745573
24269,37.072772,-82.380679
24283,36.939782,-82.332939
24316,36.955705,-81.668988
24330,36.725798,-81.020688
24360,36.933276,-80.897565
24380,36.859701,-80.508764
24422,37.830504,-79.759502
24441,38.226067,-78.824873
24465,38.384565,-79.647758
24483,37.788924,-79.251042
24520,36.586589,-79.029748
24534,36.867415,-78.770512
24554,37.120045,-79.071619
24570,37.34646,-79.424457
24588,37.262152,-79.096234
24601,37.193732,-81.649243
24614,37.29865,-82.071085
24641,37.111813,-81.802446
24716,37.480043,-81.371826
24740,37.373457,-81.004791
24822,37.647027,-81.697268
24843,37.487144,-81.7101
24854,37.736493,-81.572685
24871,37.359301,-81.468304
24887,37.373345,-81.404173
24920,38.580079,-79.704212
24945,37.541978,-80.677193
24976,37.656959,-80.51171
25007,37.82484,-81.430458
25028,37.947147,-81.725572
25045,38.447483,-81.329322
25061,38.174553,-81.439835
25082,38.604207,-82.031043
25107,38.229749,-81.621635
25119,38.041356,-81.276239
25136,38.150045,-81.327349
25156,38.183259,-81.336855
25174,37.865661,-81.410962
25202,38.316375,-81.859088
25234,38.808318,-81.133343
25252,38.819778,-81.652301
25268,38.717785,-81.074536
25303,38.359561,-81.68613
25320,38.539851,-81.633191
25422,39.544988,-78.354289
25442,39.372847,-77.832749
25507,38.395292,-82.562736
25523,38.278729,-82.049132
25545,38.458992,-82.21744
25570,38.218917,-82.425297
25624,37.899691,-81.981116
25644,37.704742,-82.022096
25666,37.926751,-82.248845
25692,37.63629,-82.109819
25811,37.562416,-81.296146
25831,37.959313,-80.930792
25846,37.906679,-81.132685
25868,38.086709,-80.958315
25901,37.950702,-81.11705
25917,37.991169,-81.218273
25951,37.662049,-80.866432
25981,38.097064,-80.711079
26035,40.3449,-80.553539
26056,40.531275,-80.577127
26133,39.123282,-81.672414
26148,39.058499,-81.182808
26167,39.538939,-80.743385
26202,38.21016,-80.629572
26224,38.74031,-80.182939
26254,38.880658,-79.662794
26269,39.10561,-79.620053
26285,38.912935,-79.937516
26320,39.404133,-80.812146
26342,39.033601,-80.85483
26366,39.381255,-80.334489
26404,39.335834,-80.306514
26422,39.29449,-80.443881
26440,39.321695,-79.918717
26508,39.602633,-79.895396
26547,39.511738,-79.813851
26574,39.588251,-80.188592
26591,39.451607,-80.296284
26627,38.752473,-80.585064
26678,38.178882,-80.916062
26710,39.301755,-78.967602
26739,39.24835,-79.243252
26801,39.047799,-78.804288
26818,39.087625,-79.016499
26866,38.800613,-79.234311
27017,36.382016,-80.756218
27028,35.922771,-80.580443
27050,36.226442,-80.409707
27106,36.14391,-80.323157
27209,35.342999,-79.753291
27242,35.329657,-79.648955
27263,35.911522,-79.936799
27295,35.871767,-80.31018
27313,35.931448,-79.75805
27340,35.945873,-79.317167
27360,35.86058,-80.099288
27407,36.008599,-79.87816
27507,36.513542,-78.569494
27519,35.808973,-78.886585
27530,35.381174,-78.062514
27545,35.7835,-78.47814
27562,35.640431,-78.990017
27577,35.48983,-78.332811
27601,35.773632,-78.634457
27613,35.926102,-78.711414
27709,35.924527,-78.832699
27809,36.016777,-77.74162
27821,35.322066,-76.874087
27831,36.463087,-77.570553
27845,36.371267,-77.43999
27857,35.972793,-77.286253
27870,36.418871,-77.715729
27881,35.978414,-77.436573
27892,35.812308,-77.051639
27920,35.259393,-75.553139
27932,36.100786,-76.610814
27946,36.363435,-76.601536
27959,35.886943,-75.606402
27973,36.371209,-76.055514
27986,36.388982,-76.918338
28020,35.524983,-81.64132
28037,35.495486,-81.018484
28075,35.302699,-80.639848
28089,35.318233,-81.659574
28105,35.115434,-80.713498
28120,35.328685,-81.026385
28138,35.514441,-80.437354
28164,35.389444,-81.037135
28204,35.21462,-80.827014
28214,35.276005,-80.967658
28273,35.127358,-80.946846
28307,35.138559,-78.981887
28325,35.153922,-78.104138
28339,35.31054,-78.732747
28350,35.243547,-79.314141
28366,35.230228,-78.362014
28379,34.930868,-79.78004
28393,34.981087,-78.18948
28411,34.301829,-77.793066
28430,34.303437,-78.945367
28442,34.282924,-78.613428
28453,34.886439,-78.076256
28464,34.78224,-78.021091
28480,34.225734,-77.797334
28518,34.894823,-77.747493
28529,35.070527,-76.85476
28544,34.71809,-77.308669
28560,35.126695,-76.977628
28579,34.759099,-76.510294
28590,35.520683,-77.416661
28611,36.010973,-81.735233
28623,36.528827,-80.973699
28635,36.305463,-81.126045
28647,35.938023,-81.973061
28660,35.968615,-80.856248
28672,36.483379,-81.326672
28684,36.334451,-81.60677
28702,35.405602,-83.605242
28715,35.511966,-82.711701
28726,35.280999,-82.416555
28740,36.091275,-82.272981
28752,35.709599,-82.035573
28768,35.324165,-82.706753
28782,35.234025,-82.149038
28803,35.531703,-82.523021
29001,33.786644,-80.174065
29030,33.576312,-80.647573
29044,33.92571,-80.695204
29056,33.608638,-80.005987
29072,34.002273,-81.27725
29102,33.641983,-80.188481
29117,33.498262,-80.848831
29133,33.358911,-80.803127
29152,33.972657,-80.467319
29169,33.997503,-81.097406
29205,33.990058,-80.997241
29301,34.934028,-82.010697
29324,34.983686,-81.826635
29340,34.972313,-81.585917
29365,34.980991,-82.171853
29378,34.966907,-81.968539
29407,32.79893,-79.997803
29429,32.970653,-79.658228
29445,32.997438,-79.96658
29458,33.093166,-79.461334
29475,32.957264,-80.80648
29493,33.034143,-80.842844
29520,34.679486,-79.927292
29544,34.008496,-79.025271
29564,33.449386,-79.848408
29575,33.629132,-78.970412
29588,33.662435,-79.032716
29609,34.912592,-82.38817
29626,34.460802,-82.756514
29642,34.776727,-82.563606
29655,34.264095,-82.640492
29669,34.638704,-82.412542
29683,35.029999,-82.494173
29696,34.773013,-83.004068
29714,34.712239,-80.915313
29730,34.889897,-81.017852
29809,33.418902,-81.69249
29828,33.522812,-81.828197
29842,33.457043,-81.86071
29856,33.485256,-81.511831
29911,32.94116,-81.141681
29926,32.238247,-80.740263
29941,32.565341,-80.816756
30012,33.717806,-84.002515
30028,34.293159,-84.175907
30043,33.999036,-84.009343
30060,33.925711,-84.541608
30076,34.028568,-84.311368
30093,33.908536,-84.177349
30107,34.336291,-84.345793
30121,34.209221,-84.778006
30139,34.432341,-84.705495
30157,33.884746,-84.871949
30177,34.411352,-84.377919
30189,34.124224,-84.570679
30220,33.225468,-84.823454
30240,33.036764,-85.120092
30259,33.266198,-84.737458
30277,33.375308,-84.649196
30293,32.976649,-84.611505
30309,33.799896,-84.3858
30319,33.875954,-84.334763
30336,33.738375,-84.5676
30349,33.622488,-84.523908
30415,32.324484,-81.603497
30434,33.025668,-82.383791
30450,32.562251,-81.923131
30461,32.511828,-81.718844
30504,34.268204,-83.893289
30519,34.087409,-83.945058
30531,34.512602,-83.592206
30543,34.290463,-83.649536
30557,34.479752,-83.184905
30568,34.959483,-83.432792
30602,33.943919,-83.373855
30624,34.186246,-83.044149
30641,33.778357,-83.574025
30663,33.615454,-83.6003
30680,33.996386,-83.69955
30725,34.924777,-85.352675
30739,34.805931,-85.215984
30755,34.86803,-85.04275
30812,33.367233,-82.028573
30823,33.226005,-82.45338
30907,33.523712,-82.085665
31009,32.281608,-83.019789
31021,32.493466,-82.943074
31032,33.01137,-83.567472
31045,33.280835,-82.785442
31058,32.488651,-84.410396
31069,32.440068,-83.748603
31082,32.996417,-82.903117
31093,32.647873,-83.657206
31211,32.901115,-83.576267
31307,32.172843,-81.398602
31321,32.185062,-81.659794
31404,32.051554,-81.049337
31501,31.223623,-82.350198
31523,31.225545,-81.628479
31543,31.334089,-81.828853
31553,31.181703,-81.972103
31565,31.067104,-81.632253
31622,31.378727,-83.194291
31634,31.042485,-82.767459
31647,31.208842,-83.427337
31711,32.191128,-84.130077
31735,31.969555,-83.973306
31764,31.976312,-84.088839
31780,32.03187,-84.388811
31793,31.462602,-83.593815
31807,32.63823,-84.800836
31822,32.864979,-84.910348
31833,32.8429,-85.091845
32008,29.926138,-82.914234
32043,29.937039,-81.732587
32061,30.097553,-82.510313
32079,29.977993,-81.807021
32094,30.188113,-82.821372
32118,29.209639,-81.002321
32134,29.385007,-81.837948
32159,28.933203,-81.898509
32181,29.507981,-81.601987
32207,30.289637,-81.640966
32220,30.368009,-81.870968
32234,30.226074,-81.975857
32277,30.37745,-81.593947
32317,30.470481,-84.116694
32332,30.620735,-84.678052
32350,30.574972,-83.325794
32403,30.048562,-85.553231
32423,30.943777,-85.048909
32435,30.648635,-86.130197
32447,30.75995,-85.251574
32464,30.902879,-85.952559
32508,30.350614,-87.316902
32536,30.763783,-86.591616
32564,30.728808,-86.781915
32579,30.450892,-86.573486
32612,29.64312,-82.353845
32628,29.625434,-83.207
32664,29.446543,-82.216746
32693,29.626485,-82.785375
32712,28.748316,-81.479775
32736,28.916675,-81.489093
32764,28.852537,-81.101799
32784,28.974309,-81.716749
32807,28.55431,-81.299455
32820,28.576844,-81.139725
32831,28.474506,-81.131105
32905,28.031366,-80.600414
32934,28.134518,-80.713912
32955,28.296697,-80.725043
33001,24.817128,-80.805996
33019,26.027614,-80.120197
33030,25.485147,-80.510882
33042,24.67875,-81.499676
33064,26.278502,-80.1153
33101,25.779298,-80.198739
33132,25.777404,-80.172412
33142,25.812081,-80.238901
33156,25.668203,-80.29701
33169,25.943117,-80.214686
33180,25.960389,-80.143113
33193,25.705455,-80.470835
33312,26.08817,-80.181783
33324,26.112485,-80.27494
33401,26.715936,-80.070404
33412,26.791532,-80.20654
33432,26.343902,-80.082736
33444,26.458903,-80.079637
33467,26.596362,-80.175602
33483,26.462605,-80.061762
33513,28.714259,-82.194968
33542,28.23578,-82.177617
33563,28.017222,-82.124953
33579,27.796868,-82.287082
33604,28.017154,-82.45535
33615,28.005103,-82.580284
33629,27.921536,-82.509043
33706,27.74082,-82.751592
33716,27.879858,-82.652797
33765,27.974876,-82.745122
33781,27.838871,-82.714995
33812,27.971442,-81.894476
33839,27.976828,-81.750498
33853,27.900707,-81.58445
33870,27.506929,-81.408456
33896,28.256905,-81.58285
33912,26.534015,-81.826178
33928,26.398356,-81.704697
33950,26.902973,-82.046286
33967,26.471507,-81.81224
33990,26.62799,-81.944774
34110,26.303284,-81.788171
34137,25.942746,-81.383178
34205,27.484084,-82.581821
34219,27.576471,-82.299218
34234,27.370308,-82.537296
34251,27.377729,-82.17154
34291,27.093912,-82.238988
34436,28.72058,-82.29798
34465,28.929492,-82.489215
34481,29.125538,-82.309895
34607,28.486766,-82.633018
34653,28.24408,-82.688476
34683,28.087706,-82.761134
34711,28.530496,-81.753341
34744,28.298753,-81.343479
34762,28.757331,-81.920448
34945,27.437265,-80.55723
34972,27.509388,-80.929139
34996,27.192803,-80.18981
35019,34.302078,-86.634094
35040,33.102967,-86.728894
35054,33.502019,-86.337925
35070,34.00928,-86.757878
35083,34.199871,-86.59917
35112,33.691077,-86.470578
35125,33.633384,-86.288692
35143,33.10034,-86.542811
35173,33.655233,-86.56324
35188,33.180336,-87.163635
35212,33.547385,-86.752908
35224,33.517294,-86.943879
35254,33.516152,-86.857557
35447,33.251868,-88.157754
35463,33.064731,-87.682451
35480,33.078038,-87.819226
35544,33.959985,-88.017137
35559,33.905485,-87.728143
35577,34.102378,-87.620057
35592,33.746099,-88.084807
35616,34.739504,-88.019381
35643,34.672577,-87.201931
35654,34.497789,-87.632269
35740,34.965286,-85.777448
35752,34.7459,-85.946047
35764,34.726301,-86.310155
35776,34.659404,-86.239414
35824,34.644929,-86.752061
35952,34.052385,-86.310738
35963,34.359787,-85.9272
35978,34.642798,-85.728979
35990,34.06778,-86.304688
36022,32.623495,-86.405573
36033,31.671714,-86.770613
36043,32.201153,-86.420747
36066,32.4797,-86.42401
36083,32.38673,-85.684361
36108,32.3391,-86.401107
36203,33.583049,-85.834485
36262,33.806237,-85.479824
36273,33.545031,-85.378048
36310,31.595139,-85.208847
36321,31.210866,-85.299218
36351,31.425502,-85.9066
36376,31.250679,-85.269772
36441,31.039365,-87.255045
36460,31.518972,-87.304829
36481,31.771512,-87.382559
36518,31.459303,-88.28404
36530,30.40821,-87.555585
36545,31.488511,-87.871704
36560,31.097767,-88.040068
36575,30.769164,-88.273387
36587,30.844238,-88.351243
36610,30.736246,-88.073507
36693,30.62577,-88.149686
36732,32.429314,-87.914179
36752,32.298669,-86.631995
36767,32.259288,-87.191091
36786,32.431068,-87.482163
36852,32.757181,-85.292494
36863,32.889494,-85.26375
36879,32.727562,-85.558384
36919,31.769052,-88.282862
37018,35.6314,-86.210955
37030,36.271671,-85.942372
37043,36.490809,-87.240984
37058,36.444038,-87.876678
37073,36.432642,-86.817152
37086,36.022237,-86.559384
37115,36.258075,-86.694181
37137,35.884173,-87.505349
37149,35.804023,-86.19283
37174,35.719474,-86.898128
37187,36.144148,-87.197886
37207,36.233774,-86.775969
37217,36.108666,-86.656722
37302,35.008329,-85.019818
37313,35.350141,-85.705056
37327,35.437647,-85.415209
37337,35.787056,-84.850664
37350,34.99392,-85.350184
37361,35.101471,-84.686645
37375,35.150468,-85.890399
37394,35.539407,-85.860053
37408,35.028634,-85.308554
37604,36.299571,-82.383175
37643,36.377345,-82.137118
37665,36.57877,-82.570528
37692,36.189803,-82.300829
37715,36.554225,-83.960518
37729,36.516663,-84.03447
37748,35.951329,-84.519764
37764,35.970346,-83.616642
37801,35.663919,-84.094596
37818,36.188758,-82.970993
37841,36.515755,-84.570649
37854,35.880918,-84.720011
37871,36.052076,-83.681001
37882,35.601221,-83.813069
37912,36.007544,-83.984854
37923,35.927527,-84.080687
38007,36.159498,-89.427052
38023,35.457109,-89.93833
38041,35.659289,-89.704618
38057,35.052974,-89.368397
38070,35.94356,-89.23701
38107,35.170165,-90.023442
38119,35.079511,-89.845385
38134,35.17454,-89.860777
38224,36.387007,-88.492179
38237,36.357888,-88.837836
38258,36.032905,-88.61928
38316,36.065982,-88.817584
38332,35.419089,-88.426452
38345,35.597455,-88.506055
38361,35.311301,-88.299924
38372,35.143564,-88.156874
38390,35.840533,-88.372301
38454,35.728171,-87.345316
38468,35.135146,-87.291063
38481,35.031294,-87.492372
38506,36.187036,-85.433518
38552,36.217685,-85.813769
38564,36.275933,-85.735915
38575,36.553225,-85.629502
38588,36.446386,-85.730671
38619,34.518142,-89.835541
38631,34.360976,-90.619981
38645,34.247849,-90.47642
38661,34.896991,-89.561056
38674,34.86837,-88.892398
38720,34.146008,-90.916641
38737,33.863521,-90.524172
38754,33.249944,-90.622535
38769,33.864775,-90.985297
38824,34.520784,-88.643025
38844,33.838614,-88.255262
38857,34.281521,-88.574989
38869,34.357456,-88.835132
38915,34.03764,-89.388855
38928,33.869471,-90.291899
38948,34.071728,-89.870357
38962,33.872154,-90.185241
39042,32.197497,-89.895012
39061,33.086397,-90.820582
39079,32.935327,-89.89855
39097,32.989067,-90.607666
39120,31.5088,-91.357415
39156,32.546541,-90.77759
39174,32.401478,-90.159514
39193,32.234475,-90.079333
39212,32.243243,-90.280387
39307,32.334866,-88.796844
39332,32.3043,-88.998857
39347,32.060443,-88.942004
39361,32.995473,-88.59638
39421,31.492362,-89.721243
39440,31.693212,-89.147245
39465,31.339572,-89.18817
39481,31.868385,-89.238136
39532,30.488308,-88.967295
39565,30.587095,-88.744463
39629,31.436637,-90.45685
39648,31.189378,-90.384217
39665,31.64281,-90.209176
39736,33.431914,-88.652317
39750,33.568955,-89.044772
39769,33.321925,-89.017837
39824,31.495163,-84.925018
39842,31.760949,-84.437475
39870,31.322028,-84.414137
40009,37.470226,-85.107358
40025,38.299824,-85.648762
40047,38.039402,-85.555239
40059,38.35749,-85.59359
40075,38.568134,-85.11267
40115,37.727892,-86.228337
40146,37.849377,-86.33084
40171,37.965947,-86.47423
40207,38.26689,-85.656947
40217,38.216712,-85.737515
40242,38.277471,-85.590514
40312,37.854675,-83.939701
40339,37.944094,-84.638897
40359,38.491906,-84.802855
40380,37.815623,-83.792352
40419,37.451573,-84.494425
40456,37.353471,-84.319508
40489,37.365743,-84.637255
40511,38.14029,-84.46161
40734,36.926433,-83.958386
40801,36.860801,-83.248522
40820,36.743868,-83.196612
40843,36.894655,-83.004397
40863,36.727176,-83.430901
40914,37.075038,-83.628822
40946,36.974203,-83.807193
40982,36.932744,-83.690087
41006,38.78443,-84.345639
41030,38.788764,-84.589293
41044,38.610431,-83.972434
41062,38.70401,-83.92284
41085,39.03641,-84.393332
41101,38.473824,-82.647933
41143,38.334906,-82.975412
41174,38.706272,-83.00708
41216,37.732493,-82.803752
41240,37.823975,-82.796486
41265,37.748183,-82.707253
41339,37.516193,-83.269114
41408,37.772042,-83.275996
41514,37.66891,-82.318529
41535,37.596357,-82.27967
41554,37.436456,-82.289084
41567,37.575019,-82.283322
41607,37.625065,-82.856903
41635,37.4845,-82.626118
41655,37.507232,-82.735645
41714,37.143481,-83.51689
41739,37.330368,-83.118657
41763,37.066991,-83.150356
41810,37.185169,-82.673873
41828,37.288132,-82.787912
41840,37.198999,-82.720875
41861,37.405758,-82.821902
42027,36.916671,-88.627686
42040,36.625296,-88.497073
42054,36.714454,-88.433457
42076,36.571455,-88.106951
42088,36.621222,-88.747697
42129,36.989145,-85.585467
42157,36.781385,-85.81974
42204,36.684754,-87.076167
42232,36.864767,-87.643359
42266,36.744341,-87.357244
42320,37.332728,-86.867017
42332,37.250429,-87.088665
42349,37.43031,-86.677192
42368,37.702946,-86.754071
42408,37.179537,-87.692699
42441,37.362648,-87.668529
42459,37.566806,-88.019048
42528,37.181802,-85.023368
42603,36.782237,-85.029026
42653,36.781914,-84.454957
42724,37.675918,-86.070835
42746,37.212381,-85.732393
42776,37.514508,-85.927093
43008,39.93389,-82.480911
43021,40.197671,-82.873674
43033,39.961234,-82.599664
43055,40.119897,-82.377784
43070,40.215778,-83.957945
43084,40.150137,-83.557264
43111,39.502067,-82.2427
43127,39.479923,-82.321355
43144,39.52988,-82.195044
43154,39.600986,-82.830089
43203,39.97308,-82.969053
43214,40.051734,-83.016269
43228,39.966129,-83.125346
43314,40.649152,-82.959413
43324,40.444543,-83.813798
43340,40.543906,-83.475995
43357,40.253547,-83.746793
43412,41.631291,-83.321889
43437,41.253686,-83.602309
43450,41.400871,-83.491254
43465,41.565472,-83.500302
43511,41.262559,-83.814726
43524,41.227059,-84.038511
43535,41.30728,-84.022034
43549,41.369314,-84.531144
43566,41.49276,-83.753206
43609,41.626694,-83.58088
43620,41.665184,-83.554272
43721,39.949992,-82.265042
43733,39.927407,-81.538067
43749,40.166779,-81.561488
43764,39.71333,-82.180619
43780,39.908693,-81.437952
43811,40.17986,-81.920852
43842,40.136917,-82.01276
43908,40.506269,-80.874019
43927,40.120516,-80.937165
43940,40.028974,-80.827299
43952,40.409085,-80.665269
43972,40.101754,-80.973722
44003,41.615736,-80.585942
44026,41.528147,-81.324706
44046,41.542545,-81.068714
44057,41.760117,-81.060305
44077,41.697563,-81.20974
44092,41.599909,-81.468699
44106,41.505341,-81.605432
44116,41.473072,-81.853825
44126,41.441758,-81.852995
44136,41.311507,-81.811326
44146,41.381223,-81.529226
44217,40.952287,-81.913359
44240,41.132323,-81.332781
44262,41.139576,-81.436058
44278,41.106119,-81.424834
44304,41.083175,-81.507852
44319,40.981522,-81.527422
44408,40.886139,-80.688425
44427,40.709172,-80.949859
44440,41.141176,-80.802908
44452,40.947372,-80.664007
44485,41.240379,-80.847801
44509,41.108505,-80.696075
44609,40.917414,-80.990071
44622,40.546033,-81.482958
44637,40.48956,-82.039032
44652,40.900217,-81.326137
44667,40.833815,-81.766531
44681,40.508051,-81.66193
44695,40.442011,-81.170166
44709,40.842339,-81.386179
44807,41.059751,-82.87697
44822,40.556723,-82.398088
44838,40.771565,-82.256155
44850,41.035393,-82.684018
44865,40.993392,-82.676838
44883,41.123331,-83.173911
44907,40.727662,-82.520406
45032,39.502773,-84.010203
45051,39.097961,-84.646609
45068,39.525173,-84.064072
45113,39.396971,-83.985801
45133,39.16185,-83.576231
45152,39.351487,-84.120225
45164,39.554033,-83.782167
45202,39.109377,-84.502571
45213,39.180791,-84.420062
45225,39.142809,-84.551212
45238,39.107658,-84.610282
45248,39.164302,-84.662538
45306,40.459234,-84.187139
45317,40.211018,-83.988585
45327,39.62876,-84.403005
45338,39.849751,-84.543549
45349,39.989111,-83.941354
45361,39.963712,-84.414821
45377,39.897633,-84.223196
45389,40.05717,-84.027589
45415,39.835581,-84.257387
45430,39.709674,-84.084844
45502,39.860547,-83.898818
45617,39.279646,-83.155641
45630,38.699141,-83.091559
45647,39.294341,-82.733029
45659,38.654972,-82.64113
45678,38.610443,-82.379581
45692,39.113937,-82.541066
45714,39.316984,-81.614345
45734,39.641144,-81.195651
45760,39.016845,-82.121701
45773,39.458516,-81.267304
45788,39.514987,-81.367568
45812,40.681854,-83.813861
45827,40.998103,-84.298851
45841,40.873705,-83.741573
45855,41.087908,-84.584089
45866,40.490436,-84.550966
45876,40.926803,-84.340446
45887,40.710853,-84.365128
45899,40.800453,-84.773821
46033,39.979283,-86.085557
46045,40.288764,-86.14986
46058,40.361165,-86.647377
46072,40.286104,-86.067353
46110,39.551781,-85.92648
46123,39.764437,-86.403388
46140,39.801973,-85.772071
46155,39.743501,-85.429741
46166,39.432913,-86.587296
46182,39.458578,-85.669424
46214,39.792817,-86.291528
46226,39.838896,-86.052485
46240,39.906045,-86.124635
46290,39.936849,-86.162171
46321,41.54691,-87.504589
46347,41.304956,-87.007329
46373,41.448355,-87.467901
46390,41.419466,-86.881518
46407,41.57846,-87.330184
46510,41.121661,-85.870707
46532,41.411435,-86.611346
46545,41.693491,-86.146569
46565,41.69485,-85.577499
46601,41.670274,-86.252661
46701,41.360791,-85.431238
46723,41.24553,-85.326545
46742,41.548594,-84.879092
46761,41.634364,-85.377512
46774,41.089207,-84.972367
46788,41.272928,-84.908026
46803,41.069874,-85.088544
46818,41.155856,-85.253014
46914,40.628598,-86.094769
46930,40.407249,-85.571574
46946,41.040424,-85.728445
46961,40.76651,-86.191686
46984,40.667769,-85.830127
46996,41.062011,-86.657974
47018,38.996845,-85.086621
47035,39.309224,-84.905542
47104,38.540304,-85.421392
47118,38.297626,-86.496629
47135,38.048816,-86.074351
47150,38.283579,-85.84759
47172,38.399506,-85.774252
47229,38.807113,-85.86484
47247,39.059532,-85.888138
47280,39.296587,-85.950522
47324,39.741173,-84.851735
47338,40.342384,-85.337455
47352,39.795724,-85.367059
47362,39.930459,-85.36958
47383,40.141861,-85.266121
47401,39.102302,-86.442812
47429,39.273304,-86.615938
47446,38.747201,-86.518131
47458,39.070329,-86.507227
47471,39.143295,-87.005175
47522,38.89232,-86.816735
47536,38.11229,-86.836519
47558,38.646137,-87.040439
47578,38.90234,-87.193521
47596,38.866496,-87.227734
47619,38.183739,-87.30815
47640,38.478176,-87.484032
47710,38.025505,-87.575809
47804,39.497812,-87.389953
47840,39.408055,-87.056514
47855,39.189827,-87.304098
47868,39.411073,-86.902594
47884,39.612406,-87.448085
47918,40.298678,-87.198005
47930,40.237087,-86.742355
47949,40.06054,-87.137329
47963,40.984169,-87.431931
47975,40.449128,-87.253262
47991,40.284444,-87.463075
48006,43.083019,-82.691035
48027,42.944289,-82.694041
48040,42.910313,-82.480603
48051,42.693637,-82.821002
48069,42.471345,-83.144124
48081,42.494669,-82.895039
48094,42.733832,-83.048732
48109,42.289187,-83.70878
48126,42.32579,-83.183213
48139,42.452452,-83.80605
48157,41.814628,-83.438204
48168,42.405262,-83.540498
48182,41.789858,-83.583849
48192,42.208455,-83.161498
48206,42.375123,-83.107897
48216,42.326521,-83.078789
48227,42.387248,-83.192594
48239,42.377193,-83.282895
48310,42.563435,-83.068397
48324,42.595022,-83.39123
48341,42.626921,-83.297371
48362,42.782351,-83.269423
48382,42.592395,-83.506365
48414,42.861694,-84.079847
48426,43.511491,-83.057347
48437,43.115745,-83.612394
48450,43.258637,-82.542255
48462,42.848445,-83.42125
48472,43.512323,-82.963212
48509,43.023941,-83.604716
48604,43.499764,-83.969084
48617,43.851308,-84.717297
48628,43.784121,-84.328366
48638,43.418925,-84.018242
48655,43.294547,-84.159596
48705,44.695826,-83.656494
48726,43.607392,-83.168024
48737,44.545688,-83.685206
48747,43.518879,-83.764927
48761,44.510924,-83.89171
48807,43.150476,-84.402006
48820,42.863913,-84.592296
48835,43.024903,-84.749057
48847,43.273232,-84.575579
48857,42.840946,-84.155615
48872,42.79865,-84.223099
48883,43.543727,-84.673886
48894,42.921496,-84.785911
48921,42.721347,-84.56083
49011,42.110137,-85.218699
49027,42.350328,-86.067386
49038,42.202822,-86.320868
49052,42.105747,-85.321815
49066,42.037739,-85.3415
49078,42.47251,-85.732849
49090,42.407427,-86.214544
49101,41.9372,-86.482677
49116,41.853312,-86.663428
49201,42.275718,-84.379511
49232,41.740366,-84.664597
49245,42.139366,-84.811584
49255,41.771201,-84.84455
49268,41.868704,-83.929015
49283,42.207426,-84.549959
49304,43.907821,-85.872637
49319,43.230087,-85.528037
49330,43.241536,-85.736679
49341,43.124135,-85.490928
49402,43.933194,-86.029225
49417,43.019336,-86.157843
49431,43.985802,-86.406481
49446,43.551402,-86.37875
49457,43.351479,-86.145156
49507,42.930659,-85.655176
49601,44.245955,-85.510205
49620,44.523532,-85.691242
49631,43.912709,-85.262924
49642,43.8689,-85.761035
49654,45.146182,-86.051574
49667,44.363328,-84.914644
49683,44.540521,-85.926894
49709,45.015273,-84.158729
49721,45.582257,-84.460476
49735,44.998097,-84.670158
49749,45.425743,-84.567774
49764,45.424174,-84.827403
49779,45.407692,-83.863353
49799,45.262433,-84.580375
49816,46.285383,-86.895309
49829,45.765396,-87.131216
49841,46.275179,-87.465733
49862,46.394478,-86.696088
49876,45.80269,-87.98283
49887,45.42934,-87.550635
49905,47.121853,-88.722062
49919,46.472958,-88.443313
49935,46.175587,-88.752156
49955,47.006575,-88.694612
49969,46.251655,-89.210723
50009,41.645183,-93.459792
50026,41.858516,-94.44958
50039,41.814355,-93.996623
50052,40.64326,-93.444379
50064,42.107729,-94.23663
50074,40.865931,-94.080133
50107,42.036533,-94.219069
50120,41.933734,-92.982857
50131,41.69212,-93.715156
50142,42.006616,-92.775596
50154,42.172261,-93.39278
50165,40.843661,-93.283695
50206,42.245665,-93.202336
50218,41.348354,-93.880399
50230,42.303248,-93.453417
50240,41.29709,-93.792788
50252,41.466282,-93.303447
50265,41.555915,-93.744777
50278,42.136759,-93.299533
50319,41.590912,-93.604288
50421,42.843465,-93.618404
50435,43.158039,-92.767049
50449,43.002487,-93.566898
50459,43.457425,-93.250439
50471,43.166568,-92.876407
50483,43.112564,-94.000915
50519,42.901704,-94.262889
50530,42.270278,-94.039589
50542,42.782976,-93.942692
50558,42.861277,-94.16377
50569,42.403206,-94.134237
50581,42.842996,-94.549778
50595,42.461417,-93.822578
50607,42.61055,-91.749864
50624,42.467823,-92.658716
50635,42.202061,-92.699322
50650,42.618248,-91.65604
50664,42.701249,-92.076193
50674,42.838035,-92.115326
50707,42.524232,-92.329426
50842,41.039887,-94.461833
50857,40.942592,-94.880965
51003,42.989594,-95.985959
51014,42.78764,-95.707313
51027,42.960313,-96.322232
51038,42.703191,-96.316957
51051,42.206091,-95.96496
51063,42.139159,-96.168318
51230,43.36033,-96.323632
51242,43.441122,-96.334856
51331,43.361073,-95.127517
51350,43.310963,-95.600833
51366,42.960703,-95.002954
51443,42.081884,-94.696842
51454,41.871279,-95.202731
51501,41.227277,-95.878439
51529,41.860476,-95.643463
51541,41.139051,-95.415922
51552,41.490756,-95.113519
51562,41.725074,-95.49332
51576,41.382876,-95.714924
51638,40.836198,-95.279939
51653,40.878427,-95.68233
52035,42.670738,-91.181213
52046,42.438356,-91.013113
52064,42.093574,-90.310826
52077,42.820999,-91.562518
52141,42.931147,-91.640926
52158,43.043301,-91.192427
52169,42.860729,-91.663085
52207,42.095058,-90.83168
52217,42.079987,-92.407882
52228,41.902291,-91.788703
52242,41.66188,-91.54594
52257,41.920953,-92.178222
52313,42.257241,-92.096686
52324,42.063907,-91.806141
52335,41.467961,-92.053796
52347,41.71254,-92.284493
52359,41.358506,-91.807482
52530,40.99343,-92.292791
52544,40.706642,-92.912272
52557,41.022148,-91.964773
52572,40.67049,-92.688437
52586,41.344968,-92.461377
52621,41.208542,-91.533756
52638,40.801453,-91.242327
52651,40.864144,-91.813729
52720,41.587724,-91.173386
52737,41.259277,-91.374611
52751,41.836435,-90.679785
52765,41.725473,-90.871502
52778,41.607817,-90.989646
53004,43.497835,-87.875646
53016,43.310687,-88.714441
53029,43.146603,-88.341
53040,43.526965,-88.191027
53057,43.794689,-88.236793
53073,43.750859,-87.98819
53086,43.317599,-88.271073
53098,43.253742,-88.710584
53120,42.80275,-88.417464
53139,42.685512,-88.120797
53153,42.934471,-88.407089
53179,42.513801,-88.130588
53191,42.58816,-88.553367
53209,43.127784,-87.949477
53219,42.995181,-87.993688
53233,43.036925,-87.93384
53503,43.142976,-89.957507
53517,43.056983,-89.832329
53529,43.242558,-89.51469
53541,42.566144,-90.029372
53554,42.908694,-90.440667
53565,42.833363,-90.165771
53577,43.311608,-90.064349
53588,43.193739,-90.086262
53704,43.135832,-89.34748
53719,43.045313,-89.515378
53808,42.626114,-90.59307
53825,42.918226,-90.590592
53922,43.52093,-88.715147
53933,43.584046,-88.875214
53947,43.746775,-89.139955
53959,43.533502,-89.999636
54003,44.794472,-92.445729
54015,44.970815,-92.453163
54027,44.919366,-92.192828
54111,44.812102,-88.380018
54125,45.579138,-88.401622
54139,44.956844,-88.075505
54156,45.628708,-88.024459
54171,44.715231,-88.096472
54207,44.087627,-87.989005
54220,44.101805,-87.722805
54246,45.373209,-86.899374
54403,45.018505,-89.525117
54414,44.959673,-89.176857
54426,44.907469,-90.00979
54442,45.358854,-89.65898
54455,44.766821,-89.684474
54467,44.413919,-89.538901
54481,44.510664,-89.638254
54493,44.69676,-90.81072
54515,45.512603,-90.491098
54530,45.533993,-90.741634
54545,46.139558,-89.841873
54558,45.925125,-89.499382
54601,43.806243,-91.140632
54619,43.7575,-90.774231
54630,44.122713,-91.37289
54642,44.15206,-91.045009
54654,43.269653,-90.964018
54666,44.170133,-90.449668
54724,45.105047,-91.48648
54734,45.098741,-92.125756
54747,44.401401,-91.51211
54759,44.489082,-92.12926
54770,44.548558,-91.371911
54814,46.863246,-90.901161
54829,45.566649,-92.047244
54842,46.505367,-91.854667
54854,46.65038,-91.667167
54867,45.821701,-91.203121
54888,45.974807,-91.866892
54911,44.281533,-88.381003
54930,44.03264,-89.554799
54943,44.132814,-89.59041
54960,43.941908,-89.219067
54971,43.85769,-88.827762
54986,44.123302,-88.749906
55013,45.338628,-92.904839
55026,44.535111,-92.346008
55040,45.466135,-93.280188
55052,44.231016,-93.443661
55068,44.735478,-93.062774
55079,45.419467,-93.035393
55101,44.951483,-93.090649
55111,44.878414,-93.19639
55121,44.846541,-93.154935
55150,44.886618,-93.165458
55309,45.377728,-93.744336
55319,45.475266,-93.943856
55331,44.895664,-93.607649
55341,45.157755,-93.66275
55353,45.329094,-94.324616
55364,44.93699,-93.677798
55375,44.908107,-93.721563
55388,44.955978,-93.840285
55403,44.969923,-93.284253
55413,44.999463,-93.241677
55423,44.874354,-93.282445
55433,45.160411,-93.314839
55444,45.104048,-93.301813
55602,47.349871,-91.886457
55615,47.764142,-90.895748
55710,47.629692,-92.708511
55722,47.278898,-93.441893
55736,46.955641,-92.940845
55752,46.950553,-93.285945
55767,46.450299,-92.760955
55783,46.396409,-92.892446
55798,46.723257,-92.967789
55812,46.808688,-92.070727
55917,43.88482,-93.075481
55927,44.036469,-92.870923
55941,43.724845,-91.349148
55953,43.526583,-92.966542
55964,44.160247,-92.158081
55975,43.677869,-92.364434
55991,44.261215,-92.418566
56016,43.762065,-93.343107
56027,43.516714,-94.116644
56039,43.663418,-94.323586
56051,43.537461,-93.710558
56065,43.942225,-93.92843
56081,43.991089,-94.629348
56096,44.244889,-93.603466
56117,43.523116,-95.687376
56129,43.529203,-96.041896
56142,44.467605,-96.231076
56153,43.826655,-96.003104
56165,43.725343,-95.703057
56175,44.260701,-95.638506
56201,45.102185,-95.041816
56218,44.826953,-95.940466
56228,44.951226,-94.685184
56241,44.797886,-95.572946
56256,45.028691,-96.202421
56270,44.570415,-94.987374
56282,45.040149,-95.228428
56294,44.313221,-95.213542
56310,45.63431,-94.450236
56321,45.581117,-94.391288
56332,45.967416,-95.506404
56347,45.967789,-94.87163
56359,46.099549,-93.665296
56373,45.85974,-94.230562
56385,45.700872,-95.232188
56436,47.161257,-94.688534
56448,46.765469,-94.117844
56465,46.537322,-94.11443
56477,46.644616,-95.000175
56516,47.442035,-95.97601
56527,46.378318,-95.319712
56541,47.162393,-96.141503
56551,46.31739,-95.446913
56568,47.534968,-96.762906
56578,46.940894,-95.641496
56589,47.167325,-95.745654
56627,48.256133,-94.070721
56644,47.797005,-95.495088
56657,47.572913,-93.636731
56669,48.38395,-93.135452
56684,47.855611,-95.698881
56715,47.808975,-95.941277
56728,48.783124,-97.007914
56741,49.097065,-94.755685
56758,48.465369,-96.51124
57005,43.592908,-96.583769
57020,43.681278,-96.820156
57031,42.875524,-97.185859
57041,43.729774,-96.867629
57052,43.292356,-97.707966
57064,43.455931,-96.8738
57075,44.004324,-96.959518
57110,43.544959,-96.638394
57219,45.290641,-97.796148
57233,44.511948,-97.398286
57245,44.897581,-96.91819
57258,44.889599,-97.922617
57269,45.220983,-96.814676
57311,43.655651,-97.763378
57324,44.29843,-98.054051
57339,44.102182,-99.417297
57353,44.358421,-97.842036
57366,43.377098,-97.946491
57379,44.253612,-98.555655
57421,45.755478,-97.907063
57434,45.176247,-98.072285
57446,45.870828,-98.15267
57460,45.279575,-98.670681
57473,44.991457,-99.499341
57522,44.465487,-99.994822
57538,43.153906,-99.142124
57555,43.243287,-100.610812
57570,43.207129,-100.993314
57601,45.455822,-100.549592
57633,45.457211,-101.44799
57646,45.68242,-100.08167
57661,45.256752,-100.960193
57720,45.575865,-103.657033
57745,44.01924,-103.778602
57759,44.227818,-103.556798
57772,43.533576,-102.592891
57788,44.616964,-103.204941
58005,47.052891,-96.950886
58017,46.043361,-97.851471
58036,47.155566,-96.948156
58049,46.650738,-98.008073
58061,46.278946,-96.902058
58075,46.275536,-96.730394
58201,47.866638,-97.141144
58219,47.477626,-96.878975
58231,48.202239,-97.829398
58249,48.822796,-98.326795
58262,48.682182,-97.876345
58275,47.679374,-97.121138
58318,48.858083,-100.39742
58335,47.986086,-99.022076
58352,48.710574,-98.872781
58367,48.870402,-99.580643
58382,48.318151,-98.778792
58418,47.421423,-99.638932
58430,47.508825,-100.256876
58444,47.494062,-100.129143
58461,46.652576,-98.19484
58478,47.175493,-99.749464
58490,46.384285,-98.065943
58520,46.674232,-101.567958
58535,46.501789,-101.247288
58558,46.829724,-100.498374
58569,46.268099,-101.19937
58581,46.035178,-99.774432
58631,46.806833,-101.800922
58645,46.951005,-103.549653
58656,46.943037,-102.458368
58713,48.538378,-100.581797
58733,48.175009,-101.587881
58750,48.610954,-101.397529
58763,47.991013,-102.564714
58778,47.788281,-100.933992
58790,48.029571,-100.947714
58838,47.769991,-103.900837
59001,45.532163,-109.523437
59014,45.193914,-108.75967
59027,45.244118,-110.910483
59037,45.823982,-108.24223
59053,46.459883,-110.460616
59065,45.271428,-110.715081
59076,46.278748,-107.073948
59089,45.08284,-107.360831
59215,47.516636,-105.769079
59231,48.398053,-106.547859
59253,48.701091,-105.898705
59263,48.791171,-105.514255
59315,47.4365,-104.858271
59333,46.280123,-106.21569
59353,46.962966,-104.274518
59417,48.670078,-113.156827
59432,48.16892,-112.411448
59447,47.264849,-110.473317
59461,48.489338,-111.201456
59472,47.396634,-111.159034
59487,47.587366,-111.638996
59527,48.04166,-108.791566
59542,48.792992,-108.368443
59634,46.472764,-111.957829
59647,46.491037,-111.652939
59718,45.576255,-111.1181
59731,46.583992,-112.775821
59746,45.384974,-113.059147
59758,44.741942,-111.182902
59820,46.898852,-114.625586
59831,47.26012,-114.368312
59845,47.690256,-114.554685
59859,47.535214,-114.826544
59872,47.110018,-114.90092
59915,47.848129,-114.4052
59927,48.594965,-114.712167
59937,48.406092,-114.532766
60015,42.173681,-87.878362
60031,42.373189,-87.939664
60046,42.416323,-88.059119
60064,42.324027,-87.856704
60077,42.034746,-87.757188
60093,42.106708,-87.756292
60107,42.020586,-88.177771
60120,42.034492,-88.238396
60136,42.105188,-88.380424
60148,41.873571,-88.020766
60162,41.867531,-87.902184
60176,41.958122,-87.868883
60190,41.871784,-88.157015
60302,41.894611,-87.789705
60409,41.613641,-87.552122
60423,41.477349,-87.832419
60435,41.54859,-88.128928
60445,41.63439,-87.736395
60456,41.731248,-87.731134
60466,41.477816,-87.683188
60476,41.569483,-87.601709
60491,41.602698,-87.962605
60513,41.825059,-87.847546
60525,41.784397,-87.868959
60539,41.82724,-88.336209
60550,41.779872,-88.861945
60560,41.611632,-88.421807
60604,41.878096,-87.62846
60614,41.922714,-87.649577
60624,41.880504,-87.724444
60636,41.775739,-87.669064
60646,41.993019,-87.759627
60659,41.991488,-87.703986
60827,41.649434,-87.633572
60919,40.987876,-88.237518
60931,40.889327,-87.588141
60945,40.828189,-87.584213
60957,40.442962,-88.136204
60969,41.110975,-88.149737
61012,42.401445,-88.764558
61025,42.471378,-90.555965
61041,42.273156,-90.311245
61052,42.111372,-88.999555
61065,42.400588,-88.836952
61078,42.165921,-89.729005
61101,42.346079,-89.146087
61115,42.36407,-89.025606
61240,41.421147,-90.428612
61257,41.593358,-90.221845
61272,41.253608,-91.004598
61283,41.591859,-89.786563
61316,41.259082,-89.124987
61326,41.246249,-89.229711
61336,41.112613,-89.23192
61349,41.544823,-89.442299
61363,41.254247,-89.182485
61376,41.545343,-89.613249
61415,40.65631,-90.43127
61425,40.759246,-91.040136
61436,40.860149,-90.223178
61449,41.095042,-89.975133
61462,40.923388,-90.64456
61474,40.736456,-90.380402
61485,41.021345,-90.102918
61520,40.539026,-90.023221
61533,40.586374,-89.842499
61544,40.693648,-90.235793
61560,41.187262,-89.41979
61571,40.704146,-89.417889
61614,40.759136,-89.604123
61723,40.264664,-89.276542
61733,40.618858,-89.336899
61743,40.875664,-88.781679
61754,40.333755,-89.181944
61772,40.381256,-89.065969
61811,40.292742,-87.622848
61822,40.138975,-88.306178
61843,40.317241,-88.373903
61853,40.215059,-88.421175
61865,40.304925,-87.802464
61878,40.242651,-88.145453
61917,39.7142,-87.897725
61933,39.546695,-87.926758
61951,39.59582,-88.590366
62011,39.126511,-89.216001
62022,39.003162,-90.326185
62034,38.754873,-89.972216
62049,39.131717,-89.481382
62061,38.789567,-89.779093
62077,39.031324,-89.522325
62087,38.817014,-90.065488
62098,39.386098,-90.304622
62216,38.618617,-89.601788
62231,38.612258,-89.319337
62242,38.112957,-89.948834
62255,38.313204,-89.783121
62268,38.276295,-89.539572
62280,37.846636,-89.647988
62294,38.70256,-89.867485
62316,40.235474,-91.053025
62336,40.468065,-91.171385
62348,40.187555,-91.367327
62359,40.033138,-91.201056
62374,40.408922,-90.912041
62414,39.174413,-88.826356
62426,38.892322,-88.664029
62440,39.395491,-88.267884
62450,38.713171,-88.089293
62465,39.34939,-88.640463
62477,39.233553,-87.643438
62515,39.860416,-89.378281
62531,39.674378,-89.37756
62541,39.965366,-89.355146
62553,39.266267,-89.107186
62567,39.645216,-89.189851
62613,39.997432,-89.665941
62628,39.779465,-90.403203
62642,40.093598,-89.724853
62665,39.816949,-90.529555
62677,39.852668,-89.879391
62693,39.958048,-89.516172
62801,38.512863,-89.141837
62815,38.458352,-87.96644
62825,37.998887,-89.068659
62837,38.360363,-88.352947
62850,38.494727,-88.59482
62862,38.219114,-88.299337
62874,37.918705,-88.976028
62884,38.083366,-89.056171
62894,38.20852,-89.036709
62906,37.462109,-89.17253
62919,37.524023,-88.138368
62931,37.52143,-88.292023
62943,37.357564,-88.750384
62956,37.279795,-88.938359
62966,37.775136,-89.350979
62982,37.424825,-88.365319
62996,37.157531,-89.151028
63015,38.405775,-90.759373
63030,38.113946,-90.727086
63042,38.784166,-90.383759
63053,38.366588,-90.363927
63072,38.369617,-90.813033
63090,38.535474,-91.048733
63109,38.584601,-90.294432
63119,38.588477,-90.351348
63129,38.457809,-90.31914
63139,38.610412,-90.291723
63304,38.703508,-90.667522
63345,39.277056,-91.569141
63361,38.965146,-91.552972
63377,39.110313,-91.10339
63389,39.010559,-90.77411
63437,39.728217,-92.220654
63450,39.668909,-92.15026
63461,39.790606,-91.569962
63473,40.246853,-91.783858
63537,40.150177,-92.153686
63548,40.536364,-92.489163
63561,40.419561,-92.540863
63624,37.755635,-90.633945
63637,37.712286,-90.518346
63660,37.909248,-90.688778
63701,37.335872,-89.575814
63743,37.521279,-89.816136
63760,37.243053,-89.91075
63780,37.188723,-89.514449
63822,36.665946,-89.998831
63834,36.914293,-89.274233
63852,36.367334,-90.015154
63869,36.597025,-89.482225
63901,36.759028,-90.46005
63941,36.885592,-91.159046
63956,37.213951,-90.521728
64011,38.959756,-94.067926
64022,39.194364,-93.671804
64050,39.11586,-94.41055
64062,39.455731,-94.163205
64074,39.083651,-94.071296
64084,39.385681,-94.069434
64098,39.468076,-94.891475
64113,39.014065,-94.595652
64126,39.091093,-94.495978
64137,38.93536,-94.542668
64153,39.274581,-94.726643
64166,39.322075,-94.523042
64426,40.52171,-93.859518
64437,40.122385,-95.347485
64448,39.596748,-94.822765
64461,40.514354,-94.807278
64474,39.754427,-94.379661
64485,39.949638,-94.817887
64497,39.929538,-94.219874
64620,39.894531,-94.089951
64635,39.95278,-93.433845
64645,40.30007,-93.32232
64655,40.44653,-93.257493
64670,40.047587,-94.141528
64686,39.748701,-93.623824
64728,37.703047,-94.523816
64743,38.668453,-94.232286
64759,37.52122,-94.25704
64776,38.049565,-93.663707
64804,37.021691,-94.510899
64842,36.789007,-94.105994
64857,37.245854,-94.438585
64873,37.013395,-94.045714
65020,38.006239,-92.780644
65040,38.34824,-92.284439
65053,38.527031,-92.378991
65067,38.761263,-91.701808
65080,38.636261,-91.978927
65203,38.884324,-92.398565
65243,39.268429,-92.354421
65257,39.287086,-92.533811
65274,39.015477,-92.685507
65285,39.075361,-92.075454
65325,38.439546,-93.188788
65337,38.794493,-93.431379
65351,38.994519,-93.381385
65443,38.131713,-92.094612
65462,37.683375,-91.848757
65486,38.108287,-92.328061
65550,37.823651,-91.955501
65567,37.861069,-92.53387
65590,37.606148,-92.951287
65611,36.549827,-93.372121
65623,36.748816,-93.906409
65634,38.015397,-93.194616
65649,37.617274,-93.623215
65661,37.467688,-93.825199
65679,36.574234,-93.094922
65704,37.12762,-92.586107
65715,36.731375,-92.574001
65729,36.51396,-92.592739
65740,36.713574,-93.163478
65756,37.098035,-93.973906
65769,36.919096,-93.799405
65781,37.35554,-93.417572
65793,36.991559,-91.971986
66007,39.155917,-94.942933
66019,38.94544,-95.003284
66032,38.286777,-95.278214
66046,38.904524,-95.209753
66060,39.418161,-95.33223
66075,38.200497,-94.693421
66090,39.787949,-94.973367
66104,39.150159,-94.689533
66204,38.990381,-94.678214
66214,38.960193,-94.711969
66226,39.030311,-94.859415
66411,39.64546,-96.628455
66423,38.796027,-96.318081
66438,39.854484,-96.492864
66506,39.19584,-96.581581
66518,39.965606,-96.550756
66532,39.821429,-95.377943
66542,39.010744,-95.544771
66603,39.058049,-95.676142
66614,39.010366,-95.852479
66711,37.637096,-94.685001
66732,37.799187,-95.187002
66746,37.667983,-94.952979
66760,37.348316,-94.624352
66775,37.701935,-95.148771
66830,38.60242,-96.08742
66846,38.64747,-96.470435
66859,38.559678,-96.958358
66870,37.939699,-96.032112
66937,39.588521,-97.271661
66948,39.59825,-97.852349
66962,39.599322,-97.114331
67004,37.278755,-97.75295
67019,37.30657,-96.777587
67030,37.785616,-97.546808
67047,37.631846,-96.072935
67058,37.317916,-98.061352
67070,37.079078,-98.525994
67107,38.194214,-97.547655
67120,37.469479,-97.373451
67137,37.633843,-96.221972
67151,38.142146,-97.257065
67206,37.703734,-97.224505
67216,37.611241,-97.312617
67232,37.629248,-97.163179
67337,37.053665,-95.598198
67352,37.30766,-96.236727
67401,38.831832,-97.65455
67428,38.369632,-97.417863
67443,38.380609,-97.525769
67454,38.69884,-98.112105
67468,39.459362,-97.25749
67484,38.995746,-97.850499
67511,38.432498,-99.047255
67522,38.122196,-97.747612
67546,38.236266,-97.818712
67560,38.399335,-99.939209
67573,38.264697,-98.423563
67621,39.821165,-99.132679
67635,39.590217,-100.433582
67647,39.934554,-99.544883
67659,39.322801,-100.005362
67673,39.152204,-98.818662
67736,38.851085,-100.47947
67748,39.039785,-100.85985
67764,38.926382,-101.209985
67841,37.634648,-100.2425
67855,37.551783,-101.685232
67868,37.821119,-100.708787
67901,37.097719,-100.913248
68005,41.142686,-95.892969
68020,41.971179,-96.264175
68036,41.387375,-96.952345
68047,42.111188,-96.733089
68064,41.355752,-96.357708
68102,41.261686,-95.933857
68114,41.263218,-96.049586
68131,41.264565,-95.964472
68147,41.175401,-95.95814
68307,40.788873,-96.131003
68320,40.487145,-95.939002
68331,40.472889,-96.714812
68342,40.097171,-96.946317
68352,40.142403,-97.229238
68365,40.604554,-97.718432
68378,40.386004,-96.018384
68406,40.500089,-97.385641
68419,40.599806,-96.511171
68434,40.909586,-97.116949
68445,40.389231,-97.079163
68457,40.153193,-95.699364
68502,40.78581,-96.698002
68516,40.735276,-96.64279
68531,40.90143,-96.723226
68628,41.22762,-97.836915
68640,41.460369,-97.785881
68653,41.558235,-97.485954
68665,41.769883,-98.392246
68716,41.927041,-96.822664
68727,42.515296,-97.202478
68739,42.625997,-97.269952
68751,42.690454,-96.980916
68763,42.501043,-98.608208
68774,42.812222,-97.274892
68786,42.50156,-97.557442
68812,40.887782,-99.283842
68823,41.956564,-99.155956
68835,41.331899,-98.61724
68846,41.068251,-97.895188
68859,41.474517,-98.825464
68871,41.140917,-98.852753
68883,40.808239,-98.597294
68929,40.15088,-99.04998
68940,40.547151,-99.246818
68950,40.461783,-98.669439
68964,40.238096,-97.911878
68976,40.59032,-99.727778
69022,40.379758,-100.191949
69033,40.559381,-101.67601
69044,40.130145,-101.016489
69128,41.22667,-103.928819
69141,41.306523,-102.955003
69151,41.090203,-100.495252
69165,41.264859,-101.207258
69212,42.93293,-100.801436
69333,42.050942,-101.966594
69346,42.625227,-103.792979
69357,42.110496,-103.768458
70005,29.999416,-90.134065
70041,29.375088,-89.58767
70058,29.868874,-90.064872
70079,30.003414,-90.41021
70092,29.89894,-89.895262
70121,29.960366,-90.163994
70131,29.906333,-89.95834
70345,29.548416,-90.25902
70360,29.578671,-90.805402
70391,29.990816,-91.060804
70422,30.734832,-90.480843
70442,30.69314,-90.334028
70452,30.420852,-89.799212
70464,30.551195,-89.919008
70512,30.415729,-91.920497
70524,30.556953,-92.311285
70537,30.251621,-92.570192
70552,30.067506,-91.672805
70576,30.780968,-92.418253
70589,30.680315,-92.003197
70632,29.836945,-93.057766
70646,30.088895,-92.918575
70657,30.503084,-93.153008
70706,30.607223,-90.907369
70725,30.128093,-90.95943
70740,30.310055,-91.439763
70755,30.593309,-91.530033
70769,30.30743,-90.940643
70782,30.951919,-91.511804
70805,30.488923,-91.158261
70816,30.431813,-91.021967
71007,32.362527,-94.006751
71029,32.8372,-93.841034
71043,32.886012,-93.887836
71060,32.654036,-93.980614
71072,32.937113,-93.311269
71106,32.378491,-93.730669
71129,32.38606,-93.913664
71226,32.250749,-92.437982
71243,31.95173,-91.816093
71261,32.772402,-91.698336
71277,32.943343,-92.550972
71303,31.281321,-92.547344
71334,31.663443,-91.558351
71351,31.184246,-91.960829
71367,30.881575,-92.298045
71404,31.747006,-92.751585
71418,32.153952,-92.066771
71432,31.749577,-92.46771
71452,31.582642,-92.945043
71466,31.215147,-92.748626
71485,31.156749,-92.542333
71640,33.101249,-91.278273
71655,33.63981,-91.749571
71670,33.715991,-91.390919
71724,33.327776,-92.535675
71749,33.071881,-92.818579
71766,33.725131,-92.506653
71832,34.036919,-94.351136
71845,33.315589,-93.643958
71859,33.744439,-93.910186
71922,34.023207,-93.413297
71945,34.485153,-94.339565
71961,34.600315,-93.83836
71998,34.126385,-93.055286
72011,34.500623,-92.465885
72022,34.607458,-92.488544
72034,35.049921,-92.486049
72045,35.129841,-92.03229
72061,35.321872,-92.299078
72074,35.07827,-91.095316
72087,34.596727,-92.826199
72110,35.156526,-92.781361
72121,35.455321,-91.78614
72132,34.446255,-92.20477
72149,35.249093,-91.726214
72168,34.440061,-91.971787
72204,34.717572,-92.358332
72301,35.144685,-90.189236
72328,34.146418,-91.046746
72341,34.87839,-90.769095
72358,35.792094,-89.892431
72373,35.308676,-90.594228
72392,34.965598,-91.100606
72414,35.824824,-90.373985
72427,35.867051,-90.935662
72437,35.84804,-90.458558
72450,36.079547,-90.51644
72462,36.389125,-90.759335
72478,36.447875,-91.058981
72521,35.949672,-91.541117
72532,36.103956,-91.600598
72544,36.403646,-92.189682
72564,35.59588,-91.456611
72577,36.027139,-91.713945
72616,36.329292,-93.553018
72632,36.373296,-93.743854
72644,36.433123,-92.992763
72662,36.431043,-93.180824
72680,35.887327,-92.329526
72714,36.46735,-94.222151
72732,36.432453,-93.959439
72749,35.868416,-94.437597
72768,36.478322,-94.498595
72826,35.11944,-93.70889
72839,35.629695,-93.244275
72853,35.016857,-93.202379
72903,35.350978,-94.361247
72932,35.604175,-94.377256
72944,35.024077,-94.234595
72956,35.468947,-94.348179
73009,35.286344,-98.372836
73019,35.206058,-97.44358
73032,34.398366,-97.047749
73045,35.514271,-97.15053
73056,36.176938,-97.626209
73067,34.911077,-97.907103
73079,35.210934,-98.012001
73096,35.514052,-98.740993
73108,35.450017,-97.567686
73119,35.422007,-97.566126
73134,35.614217,-97.568313
73160,35.332438,-97.475217
73432,34.251243,-96.413878
73444,34.475095,-97.361366
73459,33.781032,-97.13046
73507,34.610635,-98.420813
73533,34.504996,-97.866739
73547,34.993064,-99.414089
73557,34.731987,-98.488973
73570,34.51463,-99.114772
73627,35.197014,-99.452704
73647,35.4355,-99.151286
73663,36.102944,-98.894969
73717,36.848381,-98.764389
73730,36.320793,-97.539278
73742,36.095059,-97.93465
73756,35.979497,-98.130059
73768,36.354754,-98.292563
73841,36.558739,-99.624304
73858,36.179173,-99.921531
73942,36.738486,-101.506398
74003,36.728268,-96.067573
74019,36.284765,-95.603194
74032,36.20693,-96.898778
74044,36.09673,-96.382612
74055,36.276728,-95.818917
74070,36.400254,-96.083089
74082,36.450476,-95.881557
74110,36.188283,-95.953083
74128,36.147479,-95.851454
74145,36.097138,-95.890482
74340,36.47523,-95.023102
74358,36.917847,-94.880601
74369,36.92462,-95.202002
74428,35.569374,-95.637768
74441,35.976851,-95.145009
74456,35.71124,-95.996987
74469,35.495106,-95.308333
74528,34.72012,-95.723961
74546,34.858706,-95.579631
74560,34.648749,-95.760132
74574,34.689048,-95.290387
74636,36.817793,-97.522271
74652,36.859145,-96.644047
74729,34.146611,-96.253976
74743,34.008426,-95.494469
74760,34.163146,-95.355769
74827,34.939752,-96.343385
74840,35.259807,-96.842789
74854,35.108543,-96.749097
74869,35.601184,-96.760037
74901,35.367066,-94.441795
74941,35.287754,-94.883911
74954,35.425015,-94.502571
74966,34.917644,-94.865138
75021,33.727114,-96.470771
75039,32.885608,-96.942654
75054,32.59121,-97.039429
75068,33.175005,-96.952125
75081,32.948918,-96.709719
75101,32.270032,-96.702494
75117,32.715013,-95.854461
75140,32.635479,-95.686402
75152,32.439871,-96.678051
75163,32.166777,-96.118531
75182,32.800525,-96.547577
75209,32.84831,-96.825474
75220,32.868529,-96.876118
75232,32.660862,-96.840948
75244,32.925367,-96.836334
75287,32.999309,-96.841688
75414,33.623645,-96.427867
75426,33.663063,-94.997258
75440,32.881155,-95.747763
75453,32.997657,-95.932679
75471,33.056806,-95.373518
75481,33.320029,-95.373504
75494,32.917192,-95.25986
75556,33.154789,-94.062407
75568,33.193211,-94.587279
75604,32.509164,-94.824416
75643,32.019371,-94.361907
75661,32.631317,-94.171261
75684,32.277021,-94.937156
75706,32.469555,-95.307879
75757,32.110453,-95.348074
75771,32.537897,-95.435716
75790,32.535169,-95.643977
75839,31.606693,-95.58334
75852,30.959521,-95.715509
75904,31.340532,-94.826097
75935,31.732513,-94.19129
75948,31.307588,-93.784102
75965,31.723324,-94.628592
75978,31.509059,-94.527256
76012,32.75513,-97.139242
76023,33.041942,-97.597083
76043,32.208483,-97.795247
76058,32.470332,-97.424179
76071,33.00087,-97.444484
76092,32.959873,-97.148433
76110,32.707831,-97.338265
76123,32.619344,-97.393958
76140,32.619935,-97.278061
76207,33.22785,-97.181823
76234,33.276319,-97.514178
76251,33.631922,-97.688998
76265,33.75668,-97.538121
76306,33.944942,-98.523592
76364,34.032012,-98.995325
76379,33.668239,-98.489118
76429,32.759373,-98.666449
76444,32.123666,-98.577422
76457,31.944662,-98.027972
76471,32.116953,-98.98514
76490,32.945471,-98.018901
76520,30.891129,-96.907601
76537,30.817401,-97.6029
76554,30.967883,-97.376957
76571,30.925739,-97.59865
76621,31.881728,-97.08541
76632,31.30653,-97.065653
76642,31.503056,-96.520013
76655,31.401145,-97.183101
76671,31.988449,-97.531227
76687,31.372916,-96.495028
76707,31.553876,-97.159082
76823,31.706204,-99.151374
76841,30.915116,-100.108691
76857,31.931233,-98.927404
76871,31.289123,-98.995473
76887,31.011897,-99.159484
76933,31.856368,-100.288351
76949,32.04114,-100.69458
77005,29.718435,-95.423555
77015,29.76393,-95.173121
77025,29.685706,-95.434764
77035,29.655503,-95.471663
77045,29.647339,-95.431435
77056,29.748202,-95.468948
77066,29.957224,-95.503319
77076,29.860021,-95.382184
77086,29.919035,-95.491606
77096,29.675339,-95.479372
77318,30.438807,-95.533229
77339,30.048963,-95.222153
77357,30.159433,-95.188163
77369,30.421815,-94.73533
77380,30.136972,-95.46836
77406,29.64609,-95.794526
77423,29.856772,-95.977313
77437,29.212328,-96.280585
77449,29.837611,-95.73374
77460,29.397434,-96.384512
77473,29.795148,-96.107713
77483,28.788475,-95.839228
77503,29.703477,-95.158895
77518,29.507162,-94.987247
77535,30.054984,-94.923013
77554,29.253166,-94.924652
77573,29.503785,-95.0873
77587,29.661991,-95.229642
77616,30.569783,-94.182466
77632,30.201515,-93.804648
77661,29.751627,-94.420716
77707,30.053142,-94.166056
77833,30.215075,-96.410272
77859,30.871914,-96.526934
77878,30.471289,-96.438138
77960,28.67673,-97.198682
77974,28.896922,-97.321741
77988,28.83905,-96.889623
78005,28.941736,-98.851298
78015,29.742911,-98.651442
78027,29.969074,-98.539209
78050,29.070547,-98.48181
78064,28.935779,-98.428996
78076,26.930929,-99.162765
78116,29.102255,-97.743964
78132,29.758817,-98.191068
78148,29.543813,-98.295356
78163,29.769466,-98.453225
78210,29.395776,-98.464401
78220,29.418151,-98.394314
78230,29.546515,-98.557207
78240,29.52502,-98.606564
78252,29.341337,-98.705628
78263,29.363661,-98.304351
78341,27.634419,-98.496692
78358,28.067949,-97.042232
78373,27.777437,-97.114983
78385,27.139396,-97.90137
78406,27.771238,-97.518793
78416,27.752024,-97.436507
78526,25.995689,-97.450848
78548,26.274827,-98.654824
78563,26.654454,-98.259766
78575,26.021916,-97.526273
78586,26.106086,-97.629292
78597,26.235,-97.271778
78612,30.094071,-97.495094
78622,29.754521,-97.775837
78635,30.183123,-98.56671
78648,29.690184,-97.633555
78661,29.721948,-97.758944
78675,30.434638,-98.707142
78717,30.48823,-97.752203
78729,30.458396,-97.755344
78739,30.178468,-97.888691
78751,30.310788,-97.722749
78827,28.421951,-99.733002
78839,28.718319,-99.823476
78872,28.926452,-99.865146
78931,30.024253,-96.451051
78944,30.009133,-96.524033
78956,29.686272,-96.933626
79010,35.451665,-102.140733
79022,36.098125,-102.60691
79036,35.612811,-101.547365
79052,34.361144,-101.744226
79064,34.195479,-102.119153
79083,35.886791,-101.514898
79095,34.90404,-100.20826
79107,35.230592,-101.802502
79220,33.753501,-100.794632
79236,33.712107,-100.492411
79250,33.877689,-101.594755
79312,34.021145,-102.476997
79330,33.040781,-101.224906
79350,33.731452,-101.825896
79364,33.452358,-101.644072
79378,33.058133,-102.474677
79410,33.570071,-101.891011
79502,33.183064,-100.245133
79518,33.341053,-100.714732
79532,32.404869,-100.711396
79543,32.71433,-100.407773
79561,32.515491,-100.195108
79606,32.362767,-99.817334
79718,31.004969,-103.759065
79741,31.969312,-102.630882
79756,31.540255,-102.844644
79772,31.422363,-103.627309
79821,31.980053,-106.598777
79843,29.802282,-104.035739
79855,31.09348,-104.624514
79912,31.848583,-106.534316
79932,31.874971,-106.607981
80007,39.866893,-105.190278
80019,39.778564,-104.684711
80031,39.873936,-105.038792
80108,39.445518,-104.853002
80121,39.610702,-104.949013
80131,39.47644,-105.007544
80204,39.734837,-105.020395
80216,39.786964,-104.957599
80228,39.694935,-105.173187
80238,39.771592,-104.8824
80294,39.749452,-104.98927
80420,39.3244,-106.116109
80433,39.477721,-105.262386
80446,40.176381,-105.949079
80457,39.64825,-105.290978
80471,39.935208,-105.420913
80483,40.091798,-106.93598
80512,40.631157,-105.574043
80526,40.51886,-105.143219
80542,40.235081,-104.999386
80603,39.982211,-104.737094
80631,40.442868,-104.673072
80651,40.241735,-104.80941
80726,40.905042,-102.793047
80740,39.725661,-103.382898
80751,40.63688,-103.232406
80807,39.321667,-102.223231
80818,39.385913,-103.480409
80829,38.829443,-104.936373
80861,39.331861,-102.721831
80908,39.047585,-104.69054
80919,38.928208,-104.852626
80929,38.82471,-104.626967
81007,38.360042,-104.773198
81029,37.082909,-102.508878
81045,38.487746,-103.164635
81062,38.29689,-103.964339
81082,37.181854,-104.518043
81122,37.351492,-107.475814
81133,37.43013,-105.307195
81148,37.171819,-105.985414
81220,38.308243,-107.480574
81232,38.285131,-105.610466
81244,38.362933,-105.177721
81324,37.658451,-109.029605
81401,38.484153,-107.772919
81423,38.023159,-108.37247
81433,37.722006,-107.579393
81521,39.130597,-108.806392
81612,39.134183,-106.837368
81633,40.338315,-108.429204
81646,39.1044,-108.005195
81657,39.675993,-106.308299
82055,41.33227,-106.17571
82082,41.235319,-104.134235
82217,41.759812,-104.139524
82242,42.694543,-104.109376
82329,42.089734,-106.081233
82414,44.492387,-109.593597
82433,44.062254,-109.104718
82512,43.301468,-109.282607
82620,42.465283,-107.10718
82643,43.441015,-106.252263
82715,44.119155,-104.133391
82731,44.845838,-105.308135
82838,44.932878,-107.577595
82930,41.016101,-110.64492
82942,41.714292,-108.870798
83101,41.959898,-110.550561
83120,42.914711,-111.132715
83203,43.042409,-112.495981
83218,43.31765,-112.165341
83235,44.574868,-113.698573
83250,42.672532,-112.204751
83272,42.115431,-111.523433
83301,42.400555,-114.524876
83322,43.349499,-114.978595
83335,42.579582,-114.066822
83348,43.249472,-114.10768
83406,43.443948,-111.811633
83429,44.48092,-111.394402
83445,43.979292,-111.767357
83462,45.301183,-113.809337
83522,45.919632,-116.511565
83539,46.256823,-114.846623
83549,45.344178,-116.190911
83610,44.743366,-116.77357
83626,43.667499,-116.832129
83638,45.067169,-115.965688
83650,42.846008,-116.676479
83670,44.018634,-116.312919
83705,43.562418,-116.217559
83804,48.045283,-116.971344
83815,47.726282,-116.789948
83833,47.509953,-116.718368
83844,46.730069,-117.014782
83855,46.994784,-116.888154
83869,47.982345,-116.892358
84004,40.509513,-111.751183
84020,40.500151,-111.869623
84031,40.610251,-110.798432
84041,41.069929,-111.981255
84052,40.166509,-109.997739
84063,39.849587,-109.680896
84074,40.555217,-112.265379
84086,41.473679,-111.233054
84101,40.756403,-111.900075
84112,40.765076,-111.841478
84124,40.677192,-111.813288
84308,41.967081,-112.009527
84318,41.802568,-111.813675
84330,41.926174,-112.163301
84340,41.363739,-112.036066
84513,39.237674,-111.014473
84528,39.402323,-111.075783
84539,39.773092,-110.300516
84624,39.2743,-112.834297
84635,39.401963,-112.722943
84647,39.541104,-111.415821
84660,40.106023,-111.85391
84713,38.318297,-112.431551
84724,38.675277,-112.148888
84735,37.640601,-112.430772
84745,37.23155,-113.244617
84756,37.574149,-113.569199
84766,38.576372,-112.317089
84781,37.41155,-113.462096
85009,33.443097,-112.128136
85021,33.559421,-112.092875
85034,33.429662,-112.014156
85050,33.68636,-111.996302
85120,33.402386,-111.567878
85139,32.978077,-112.145164
85193,32.802816,-111.818167
85209,33.375404,-111.639906
85248,33.214955,-111.869973
85259,33.60112,-111.809501
85284,33.338285,-111.933906
85305,33.530805,-112.2563
85324,34.119191,-112.044271
85337,32.964032,-112.704343
85347,32.797518,-113.789632
85357,34.020673,-113.450652
85374,33.644793,-112.37702
85392,33.47758,-112.308889
85539,33.340635,-110.897224
85552,32.820305,-109.770578
85609,32.069297,-110.096907
85620,31.337282,-109.941325
85631,32.590911,-110.551269
85645,31.686279,-111.160631
85706,32.147616,-110.933343
85718,32.333304,-110.916607
85741,32.335291,-111.041759
85756,32.079267,-110.89892
85926,33.769253,-109.979275
85936,34.652683,-109.268741
86011,35.180066,-111.655032
86025,34.930781,-110.104808
86038,34.984363,-111.429984
86053,36.735052,-111.055195
86322,34.500279,-111.801158
86334,34.949042,-112.54456
86406,34.382386,-114.080626
86435,36.044172,-112.90389
86502,35.217949,-109.591862
86514,36.872934,-109.339662
87001,35.376617,-106.337081
87013,35.931703,-107.367228
87024,35.673088,-106.72533
87036,34.372495,-106.240022
87047,35.250846,-106.288772
87063,34.554977,-105.890553
87107,35.1378,-106.642543
87120,35.140539,-106.760969
87312,35.422601,-108.32301
87325,35.993914,-108.614221
87410,36.868277,-107.882308
87455,36.331258,-108.656457
87512,36.923365,-105.343529
87522,35.930473,-105.789677
87533,36.024269,-106.066584
87551,36.694598,-106.669448
87565,35.478793,-105.664711
87579,36.086319,-105.531871
87714,36.619419,-105.213748
87732,35.957974,-105.364302
87747,36.356194,-104.471772
87825,33.87734,-107.656211
87933,32.790209,-107.277925
88002,32.462947,-106.486158
88021,31.951887,-107.016272
88032,32.399562,-106.818772
88045,32.385089,-108.756093
88061,32.654196,-108.333572
88115,33.930877,-103.345497
88132,33.907343,-103.166813
88232,33.067971,-104.479044
88262,33.126398,-103.403889
88314,33.110328,-105.867199
88337,32.996446,-105.884495
88347,32.755123,-105.677393
88410,35.878428,-103.323142
88424,36.412538,-103.656438
89003,36.971364,-116.744158
89015,36.039212,-114.928194
89029,35.129746,-114.655672
89046,35.497999,-114.89026
89084,36.296904,-115.174105
89109,36.13172,-115.168382
89123,36.03521,-115.148771
89141,35.98841,-115.207056
89161,36.00036,-115.363877
89314,38.822847,-115.771955
89408,39.565694,-119.174206
89420,38.544555,-118.226681
89430,38.77509,-119.305079
89444,38.669814,-119.38563
89502,39.491314,-119.743845
89523,39.524915,-119.91364
89821,40.495361,-116.468358
89834,41.408342,-116.228124
90008,34.009552,-118.346724
90019,34.049841,-118.33846
90029,34.089848,-118.294661
90040,33.994523,-118.149952
90056,33.988047,-118.370361
90067,34.057597,-118.413998
90095,34.071225,-118.443373
90240,33.955729,-118.118346
90260,33.88856,-118.351813
90278,33.873215,-118.370361
90305,33.95889,-118.330548
90505,33.807882,-118.347957
90623,33.850616,-118.039565
90703,33.867743,-118.069472
90723,33.898883,-118.166629
90755,33.803431,-118.16977
90814,33.771616,-118.143627
91016,34.1528,-118.000482
91105,34.13946,-118.166649
91207,34.181267,-118.260225
91311,34.292427,-118.602317
91340,34.286687,-118.43508
91356,34.155097,-118.547553
91387,34.402506,-118.36342
91501,34.2044,-118.287527
91607,34.165783,-118.399795
91723,34.084747,-117.886844
91744,34.0313,-117.936777
91762,34.05941,-117.674011
91776,34.090776,-118.095091
91901,32.808563,-116.710076
91917,32.608785,-116.719838
91962,32.718375,-116.470387
92010,33.165381,-117.281427
92028,33.390477,-117.209427
92059,33.376473,-117.066137
92075,32.997248,-117.26058
92103,32.747416,-117.166881
92114,32.707756,-117.055095
92124,32.826521,-117.086015
92139,32.67991,-117.048885
92211,33.765401,-116.334205
92236,33.686143,-116.172917
92253,33.646083,-116.275297
92267,34.273755,-114.196525
92281,33.051757,-115.608752
92309,35.38679,-116.12594
92324,34.025685,-117.288812
92339,34.093661,-116.936222
92358,34.259272,-117.520971
92376,34.111605,-117.377406
92394,34.556111,-117.353632
92410,34.107394,-117.297541
92518,33.889184,-117.277729
92551,33.88274,-117.224878
92582,33.807607,-117.015163
92596,33.668913,-117.047314
92620,33.714822,-117.749022
92648,33.67901,-118.014603
92663,33.623208,-117.933903
92691,33.611945,-117.665867
92780,33.734008,-117.819165
92823,33.928179,-117.809285
92860,33.925519,-117.551958
92881,33.827409,-117.524128
93013,34.44137,-119.514092
93041,34.106028,-119.098081
93103,34.438773,-119.678841
93204,36.058032,-120.108734
93220,35.403611,-118.756525
93238,35.957907,-118.558124
93250,35.665082,-119.197958
93262,36.615624,-118.697574
93276,35.299176,-119.358368
93304,35.339702,-119.023452
93401,35.23575,-120.615973
93429,34.867662,-120.539904
93444,35.037198,-120.504593
93458,34.95934,-120.490081
93514,37.492115,-118.390408
93528,35.371604,-117.643321
93544,34.495537,-117.756645
93558,35.347928,-117.621393
93604,37.344149,-119.422139
93616,36.655353,-119.593861
93627,36.563591,-120.093683
93640,36.672683,-120.446521
93652,36.595012,-119.904577
93667,36.951541,-119.333212
93706,36.656123,-119.920584
93728,36.757295,-119.818484
93924,36.415603,-121.637651
93950,36.621181,-121.925179
94015,37.681312,-122.480634
94037,37.554298,-122.496632
94065,37.535949,-122.246748
94103,37.773152,-122.411164
94115,37.785969,-122.437253
94129,37.79734,-122.464466
94305,37.418256,-122.170871
94506,37.809629,-121.913241
94516,37.833901,-122.165034
94530,37.92156,-122.298336
94544,37.633822,-122.057202
94555,37.548205,-122.098677
94567,38.706906,-122.393997
94578,37.706434,-122.125302
94590,38.103234,-122.249096
94603,37.736535,-122.17944
94618,37.844821,-122.238552
94709,37.879234,-122.266839
94903,38.02213,-122.55881
94931,38.325172,-122.716977
94949,38.061026,-122.508274
94965,37.852904,-122.547207
95007,37.104964,-122.106903
95023,36.902045,-121.350783
95046,37.099308,-121.59924
95070,37.260501,-122.04617
95118,37.255364,-121.891912
95128,37.315986,-121.936315
95139,37.224914,-121.764075
95210,38.030177,-121.297912
95226,38.228948,-120.856627
95240,38.114388,-121.144658
95254,38.19262,-120.95782
95310,38.085839,-120.37855
95320,37.825598,-121.005157
95330,37.811478,-121.313859
95346,38.065529,-120.170699
95361,37.787236,-120.759278
95374,37.316807,-120.855753
95387,37.497552,-121.342565
95410,39.20447,-123.690434
95427,39.244183,-123.563531
95441,38.731694,-122.906767
95452,38.425523,-122.53521
95463,39.186791,-123.558382
95476,38.249428,-122.466627
95501,40.79872,-124.151556
95528,40.496986,-123.930811
95548,41.593204,-124.045992
95559,40.185826,-123.745526
95571,40.322772,-123.920622
95605,38.593521,-121.539867
95619,38.680605,-120.814261
95630,38.666597,-121.141635
95640,38.325248,-120.955787
95655,38.549228,-121.278598
95667,38.734925,-120.789952
95679,38.897028,-122.348407
95689,38.478864,-120.611974
95701,39.226549,-120.767022
95724,39.311718,-120.328107
95762,38.683688,-121.064727
95820,38.534879,-121.444372
95830,38.490508,-121.284171
95843,38.715463,-121.363422
95918,39.301229,-121.337929
95934,40.0601,-120.907957
95945,39.196387,-120.972289
95956,39.838288,-121.134235
95969,39.704795,-121.660627
95982,39.172726,-121.805819
96003,40.751937,-122.230678
96016,40.894208,-121.508834
96028,41.006417,-121.480741
96040,40.793535,-121.438607
96054,41.238956,-121.03925
96065,40.87908,-121.863012
96084,40.844643,-121.969849
96096,40.654093,-121.822848
96110,41.299883,-120.078511
96120,38.743384,-119.867624
96132,40.914751,-120.402175
96145,39.148318,-120.170938
96706,21.344782,-158.022298
96720,19.65981,-155.232473
96734,21.395084,-157.758188
96748,21.131173,-156.835237
96759,21.467423,-158.072424
96770,21.133617,-157.216932
96781,19.786152,-155.217704
96795,21.335013,-157.710924
96819,21.347117,-157.877317
96863,21.448455,-157.762328
96950,15.186894,145.754396
97009,45.422994,-122.33277
97021,45.385919,-121.142379
97032,45.17663,-122.783877
97045,45.320275,-122.536469
97058,45.536452,-121.155254
97080,45.478314,-122.390727
97110,45.901075,-123.955316
97121,46.171919,-123.951838
97133,45.689392,-123.013035
97146,46.129698,-123.945911
97208,45.528666,-122.678981
97218,45.576236,-122.600873
97230,45.557757,-122.505268
97303,45.030354,-123.023689
97327,44.375035,-122.947586
97345,44.411545,-122.578909
97360,44.76627,-122.499397
97371,44.990634,-123.191125
97384,44.790993,-122.618879
97401,44.067988,-123.080181
97413,44.124779,-122.072275
97429,42.968299,-123.0635
97442,42.780374,-123.425369
97453,43.980396,-123.850469
97465,42.763521,-124.344681
97479,43.39035,-123.208305
97493,43.889588,-124.024907
97504,42.328037,-122.798677
97532,42.575547,-123.519928
97544,42.161377,-123.302418
97626,42.66735,-122.02791
97639,42.447776,-121.429035
97721,43.178286,-119.423824
97738,43.565498,-119.212575
97759,44.34419,-121.695502
97819,44.485423,-117.760291
97834,44.972275,-117.161191
97844,45.88415,-119.548836
97865,44.461466,-119.18004
97880,45.088669,-118.882506
97906,43.537039,-117.774678
98001,47.312695,-122.262975
98012,47.841376,-122.198939
98028,47.755665,-122.248061
98039,47.634866,-122.240269
98055,47.447472,-122.200356
98075,47.586092,-122.037436
98107,47.667527,-122.377551
98121,47.615192,-122.350581
98154,47.606211,-122.333792
98195,47.649324,-122.310293
98221,48.505025,-122.659285
98235,48.462505,-122.23398
98247,48.911812,-122.330202
98258,48.04346,-122.076554
98272,47.848579,-121.894874
98282,48.213258,-122.500085
98297,48.702059,-123.026515
98321,47.152606,-122.071738
98333,47.257686,-122.646552
98349,47.278539,-122.757525
98360,47.051415,-122.153242
98371,47.199448,-122.323541
98383,47.661683,-122.715452
98403,47.265965,-122.45853
98422,47.290368,-122.392395
98447,47.144369,-122.443567
98512,46.975003,-123.063616
98532,46.626308,-123.052671
98547,46.784002,-124.036712
98563,47.193599,-123.615371
98577,46.641849,-123.610389
98588,47.446808,-123.032753
98602,45.867106,-121.265491
98614,46.29699,-123.909315
98629,45.877319,-122.619409
98644,46.329607,-124.056969
98663,45.657396,-122.662726
98683,45.603287,-122.51017
98815,47.460575,-120.478283
98828,47.310078,-120.178259
98841,48.357693,-119.274769
98852,48.25093,-120.52914
98902,46.596673,-120.533851
98932,46.332713,-120.156231
98942,46.801335,-120.66481
99001,47.636483,-117.586303
99016,47.597285,-117.121042
99027,47.710128,-117.12756
99040,47.89847,-118.003679
99115,47.646834,-119.416689
99126,48.7301,-117.971921
99138,48.205843,-118.395823
99150,48.80451,-118.556836
99160,48.83871,-118.306323
99174,47.010562,-117.358687
99205,47.696825,-117.444879
99301,46.377835,-118.951726
99333,46.685782,-118.172717
99347,46.427734,-117.565388
99360,46.090257,-118.663028
99503,62.043951,-158.175667
99517,61.190346,-149.939108
99552,60.90667,-161.228299
99564,56.294163,-158.397809
99575,61.796578,-158.08102
99587,60.965808,-148.876643
99607,61.758287,-159.783382
99622,59.874734,-163.211945
99634,60.688434,-161.980467
99647,59.878543,-154.072088
99657,61.728252,-161.669614
99667,61.698414,-152.13613
99679,61.10435,-160.937231
99690,60.462401,-164.83464
99705,64.761825,-147.313674
99726,67.168639,-152.285215
99739,64.958671,-162.496773
99749,66.97843,-160.431808
99759,69.737127,-162.835077
99769,63.678465,-170.483817
99780,63.181236,-143.102439
99791,70.468384,-156.795352
99833,56.926747,-133.118079
99922,55.307528,-133.046815
